Age,Gender,EducationLevel,JobTitle,YearsofExperience,Salary
32,Male,Bachelor's,Software Engineer,5.0,90000
28,Female,Master's,Data Analyst,3.0,65000
45,Male,PhD,Senior Manager,15.0,150000
36,Female,Bachelor's,Sales Associate,7.0,60000
52,Male,Master's,Director,20.0,200000
29,Male,Bachelor's,Marketing Analyst,2.0,55000
42,Female,Master's,Product Manager,12.0,120000
31,Male,Bachelor's,Sales Manager,4.0,80000
26,Female,Bachelor's,Marketing Coordinator,1.0,45000
38,Male,PhD,Senior Scientist,10.0,110000
29,Male,Master's,Software Developer,3.0,75000
48,Female,Bachelor's,HR Manager,18.0,140000
35,Male,Bachelor's,Financial Analyst,6.0,65000
40,Female,Master's,Project Manager,14.0,130000
27,Male,Bachelor's,Customer Service Rep,2.0,40000
44,Male,Bachelor's,Operations Manager,16.0,125000
33,Female,Master's,Marketing Manager,7.0,90000
39,Male,PhD,Senior Engineer,12.0,115000
25,Female,Bachelor's,Data Entry Clerk,0.0,35000
51,Male,Bachelor's,Sales Director,22.0,180000
34,Female,Master's,Business Analyst,5.0,80000
47,Male,Master's,VP of Operations,19.0,190000
30,Male,Bachelor's,IT Support,2.0,50000
36,Female,Bachelor's,Recruiter,9.0,60000
41,Male,Master's,Financial Manager,13.0,140000
28,Female,Bachelor's,Social Media Manageredia Specialist,3.0,45000
37,Female,Master's,Software Manager,11.0,110000
24,Male,Bachelor's,Junior Developer,1.0,40000
43,Female,PhD,Senior Consultant,15.0,140000
33,Male,Master's,Product Designer,6.0,90000
50,Male,Bachelor's,CEO,25.0,250000
31,Female,Bachelor's,Accountant,4.0,55000
29,Male,Master's,Data Scientist,3.0,75000
39,Female,Bachelor's,Marketing Specialist,10.0,65000
46,Male,PhD,Senior Manager,20.0,170000
27,Male,Bachelor's,Technical Writer,2.0,45000
35,Female,Bachelor's,HR Generalist,7.0,60000
42,Male,Master's,Project Engineer,14.0,115000
26,Female,Bachelor's,Customer Success Rep,1.0,40000
49,Male,Bachelor's,Sales Executive,21.0,160000
34,Female,Master's,UX Designer,5.0,80000
48,Male,Master's,Operations Director,18.0,190000
30,Male,Bachelor's,Network Engineer,3.0,60000
36,Female,Bachelor's,Administrative Assistant,8.0,45000
41,Male,Master's,Strategy Consultant,13.0,130000
28,Female,Bachelor's,Copywriter,2.0,40000
32,Male,Bachelor's,Account Manager,5.0,75000
45,Female,Master's,Director of Marketing,16.0,180000
38,Male,PhD,Senior Scientist,11.0,120000
25,Male,Bachelor's,Help Desk Analyst,0.0,35000
51,Female,Bachelor's,Customer Service Manager,22.0,130000
33,Male,Master's,Business Intelligence Analyst,7.0,85000
40,Female,Bachelor's,Event Coordinator,12.0,60000
47,Male,Master's,VP of Finance,19.0,200000
29,Female,Bachelor's,Graphic Designer,3.0,50000
36,Male,Bachelor's,Sales Manager,9.0,95000
27,Female,Master's,UX Researcher,2.0,65000
43,Male,PhD,Senior Engineer,17.0,140000
30,Female,Bachelor's,Social Media Manageredia Manager,4.0,55000
35,Male,Master's,Product Manager,7.0,105000
51,Female,Master's,Director of Operations,23.0,170000
29,Male,Bachelor's,Marketing Analyst,3.0,50000
40,Female,Bachelor's,HR Manager,12.0,80000
47,Male,PhD,Senior Data Scientist,21.0,180000
26,Male,Bachelor's,Junior Accountant,1.0,35000
38,Female,Master's,Digital Marketing Manager,10.0,90000
46,Male,Bachelor's,IT Manager,19.0,120000
31,Female,Bachelor's,Customer Service Representative,5.0,45000
34,Male,Master's,Business Development Manager,8.0,90000
49,Female,Master's,Senior Financial Analyst,18.0,150000
33,Male,Bachelor's,Web Developer,6.0,65000
39,Female,Bachelor's,Recruiter,11.0,70000
45,Male,PhD,Research Director,16.0,190000
28,Male,Bachelor's,Technical Support Specialist,2.0,40000
42,Female,Master's,Creative Director,14.0,120000
37,Male,Bachelor's,Project Manager,10.0,95000
50,Female,Bachelor's,Operations Manager,22.0,160000
32,Male,Master's,Senior Software Engineer,6.0,100000
48,Female,Master's,Human Resources Director,20.0,180000
30,Female,Bachelor's,Content Marketing Manager,3.0,55000
36,Male,Bachelor's,Technical Recruiter,8.0,70000
41,Female,Master's,Data Analyst,13.0,80000
25,Male,Bachelor's,Sales Representative,0.0,30000
52,Male,PhD,Chief Technology Officer,24.0,250000
29,Female,Bachelor's,Junior Designer,2.0,40000
34,Female,Master's,Financial Advisor,10.0,95000
27,Male,Bachelor's,Junior Account Manager,2.0,45000
40,Female,Bachelor's,HR Generalist,15.0,80000
46,Male,Master's,Senior Project Manager,21.0,135000
31,Female,Bachelor's,Marketing Coordinator,6.0,55000
36,Male,PhD,Principal Scientist,11.0,120000
29,Female,Bachelor's,Sales Associate,3.0,40000
43,Male,Bachelor's,Supply Chain Manager,18.0,105000
52,Female,Master's,Senior Marketing Manager,25.0,170000
33,Male,Bachelor's,Business Analyst,7.0,75000
39,Female,Bachelor's,Training Specialist,12.0,65000
47,Male,PhD,Research Scientist,22.0,160000
26,Male,Bachelor's,Junior Software Developer,1.0,35000
38,Female,Master's,Public Relations Manager,10.0,90000
45,Male,Bachelor's,Operations Analyst,20.0,110000
31,Female,Bachelor's,Event Coordinator,5.0,45000
35,Male,Master's,Product Marketing Manager,8.0,95000
49,Female,Master's,Senior HR Manager,19.0,150000
33,Male,Bachelor's,Junior Web Developer,5.0,50000
39,Female,Master's,Senior Project Coordinator,13.0,80000
44,Male,PhD,Chief Data Officer,16.0,220000
30,Female,Bachelor's,Digital Content Producer,3.0,50000
36,Male,Bachelor's,IT Support Specialist,7.0,60000
41,Female,Master's,Senior Marketing Analyst,14.0,100000
28,Male,Bachelor's,Customer Success Manager,2.0,40000
42,Female,Master's,Senior Graphic Designer,15.0,110000
37,Male,Bachelor's,Software Project Manager,9.0,95000
50,Female,Bachelor's,Supply Chain Analyst,22.0,130000
32,Male,Master's,Senior Business Analyst,6.0,90000
23,Female,Bachelor's,Junior Marketing Analyst,0.5,35000
31,Male,Master's,Senior Financial Analyst,6.0,95000
40,Female,Bachelor's,Office Manager,15.0,65000
48,Male,PhD,Principal Engineer,20.0,170000
29,Female,Bachelor's,Junior HR Generalist,3.0,45000
35,Male,Master's,Senior Product Manager,10.0,120000
42,Female,Bachelor's,Sales Manager,17.0,100000
53,Male,Master's,Director of Marketing,25.0,180000
33,Female,Bachelor's,Junior Operations Analyst,5.0,50000
38,Male,Bachelor's,Customer Service Manager,11.0,80000
44,Female,PhD,Senior Scientist,16.0,140000
26,Male,Bachelor's,Junior Accountant,2.0,40000
37,Female,Master's,Senior HR Generalist,9.0,95000
45,Male,Bachelor's,Sales Operations Manager,18.0,110000
32,Female,Bachelor's,Marketing Coordinator,4.0,50000
34,Male,Master's,Senior Software Developer,8.0,105000
50,Female,Master's,Director of Operations,21.0,160000
29,Male,Bachelor's,Junior Web Designer,3.0,45000
40,Female,Master's,Senior Training Specialist,12.0,100000
47,Male,PhD,Senior Research Scientist,22.0,160000
27,Male,Bachelor's,Junior Sales Representative,1.0,35000
39,Female,Bachelor's,Administrative Assistant,10.0,55000
46,Male,Master's,Senior Project Manager,19.0,140000
30,Female,Bachelor's,Junior Marketing Manager,4.0,50000
36,Male,Bachelor's,Junior Data Analyst,7.0,60000
43,Female,Master's,Senior Product Marketing Manager,14.0,120000
28,Male,Bachelor's,Junior Business Analyst,2.0,40000
41,Female,Master's,Senior Marketing Manager,13.0,110000
33,Male,Bachelor's,Junior Software Developer,5.0,50000
47,Male,Bachelor's,Senior Sales Manager,20.0,135000
25,Female,Master's,Junior Marketing Specialist,1.5,40000
34,Male,Bachelor's,Senior Business Analyst,8.0,90000
42,Female,PhD,Senior Data Scientist,16.0,150000
31,Male,Bachelor's,Junior Project Manager,4.0,60000
38,Female,Bachelor's,Senior Accountant,10.0,80000
45,Male,Master's,Director of Sales,19.0,175000
29,Female,Bachelor's,Junior Recruiter,3.0,45000
36,Male,Master's,Senior Business Development Manager,11.0,120000
43,Female,PhD,Senior Product Designer,18.0,140000
26,Male,Bachelor's,Junior Customer Support Specialist,2.0,35000
37,Female,Master's,Senior Marketing Analyst,9.0,95000
44,Male,Bachelor's,Senior IT Support Specialist,14.0,110000
32,Female,Bachelor's,Junior Financial Analyst,5.0,50000
33,Male,Master's,Senior Operations Manager,7.0,115000
51,Female,PhD,Director of Human Resources,23.0,185000
28,Male,Bachelor's,Junior Software Engineer,2.0,40000
39,Female,Bachelor's,Senior Sales Representative,12.0,90000
48,Male,Master's,Director of Product Management,21.0,175000
30,Female,Bachelor's,Junior Copywriter,3.0,45000
35,Male,Bachelor's,Senior Marketing Coordinator,7.0,80000
41,Female,Master's,Senior Human Resources Manager,13.0,120000
27,Male,Bachelor's,Junior Business Development Associate,1.5,35000
40,Female,Bachelor's,Senior Account Manager,14.0,110000
46,Male,PhD,Senior Researcher,18.0,150000
31,Female,Bachelor's,Junior HR Coordinator,4.0,50000
34,Male,Master's,Senior Software Engineer,9.0,105000
50,Female,Master's,Director of Finance,20.0,180000
29,Male,Bachelor's,Junior Marketing Coordinator,2.0,40000
43,Male,Bachelor's,Senior Project Manager,16.0,140000
26,Female,Master's,Junior Data Scientist,1.5,45000
35,Male,Bachelor's,Senior Operations Analyst,7.0,85000
42,Female,PhD,Senior Marketing Manager,18.0,140000
31,Male,Bachelor's,Junior Accountant,4.0,50000
38,Female,Bachelor's,Senior Human Resources Coordinator,10.0,80000
46,Male,Master's,Director of Operations,20.0,170000
29,Female,Bachelor's,Junior Sales Representative,2.0,40000
37,Male,Master's,Senior Business Analyst,9.0,105000
44,Female,PhD,Senior UX Designer,15.0,145000
27,Male,Bachelor's,Junior Product Manager,2.0,40000
36,Female,Bachelor's,Senior Marketing Specialist,8.0,85000
43,Male,Bachelor's,Senior IT Project Manager,14.0,130000
33,Female,Master's,Senior Financial Analyst,6.0,95000
34,Male,Bachelor's,Senior Quality Assurance Analyst,9.0,100000
50,Female,PhD,Director of Sales and Marketing,22.0,180000
28,Male,Bachelor's,Junior Operations Analyst,1.5,35000
39,Female,Bachelor's,Senior Account Executive,12.0,95000
47,Male,Master's,Director of Business Development,19.0,170000
30,Female,Bachelor's,Junior Social Media Manageredia Manager,3.0,45000
34,Male,Bachelor's,Senior Product Manager,7.0,95000
40,Female,Master's,Senior Human Resources Specialist,13.0,120000
41,Female,Bachelor's,Senior Marketing Coordinator,11.0,90000
45,Male,PhD,Senior Data Analyst,17.0,155000
32,Female,Bachelor's,Junior Account Manager,5.0,55000
35,Male,Master's,Senior Software Developer,9.0,110000
49,Female,Master's,Director of Human Capital,21.0,180000
30,Male,Bachelor's,Junior Advertising Coordinator,3.0,45000
44,Male,Bachelor's,Senior Sales Manager,16.0,130000
27,Female,Master's,Junior UX Designer,1.5,45000
36,Male,Bachelor's,Senior Accountant,7.0,90000
41,Female,PhD,Senior Marketing Director,17.0,160000
31,Male,Bachelor's,Junior HR Generalist,4.0,50000
39,Female,Bachelor's,Senior Operations Manager,10.0,120000
47,Male,Master's,Director of Finance,20.0,170000
30,Female,Bachelor's,Junior Marketing Coordinator,2.0,40000
38,Male,Master's,Senior IT Consultant,9.0,110000
45,Female,PhD,Senior Product Designer,15.0,150000
28,Male,Bachelor's,Junior Business Development Associate,2.0,40000
35,Female,Bachelor's,Senior Marketing Analyst,8.0,85000
44,Male,Bachelor's,Senior Software Engineer,14.0,130000
34,Female,Master's,Senior Financial Advisor,6.0,100000
35,Male,Bachelor's,Senior Project Coordinator,9.0,95000
50,Female,PhD,Director of Operations,22.0,180000
29,Male,Bachelor's,Junior Business Operations Analyst,1.5,35000
40,Female,Bachelor's,Senior Sales Representative,12.0,100000
48,Male,Master's,Director of Marketing,19.0,170000
31,Female,Bachelor's,Junior Social Media Manageredia Specialist,3.0,45000
33,Male,Bachelor's,Senior Product Development Manager,7.0,100000
42,Female,Master's,Senior Human Resources Manager,13.0,140000
28,Male,Bachelor's,Junior Financial Analyst,2.0,40000
40,Female,Bachelor's,Senior Marketing Manager,11.0,105000
46,Male,PhD,Senior Data Scientist,18.0,160000
33,Female,Bachelor's,Junior Operations Manager,5.0,70000
37,Male,Master's,Senior Software Architect,9.0,120000
51,Female,Master's,Director of Human Resources,21.0,190000
30,Male,Bachelor's,Junior Marketing Specialist,3.0,45000
43,Male,Bachelor's,Senior Project Manager,15.0,120000
27,Female,Master's,Junior Research Scientist,1.5,50000
35,Male,Bachelor's,Senior Operations Analyst,8.0,85000
42,Female,PhD,Senior Marketing Manager,13.0,140000
32,Male,Bachelor's,Junior Sales Representative,3.0,45000
37,Female,Bachelor's,Senior Financial Analyst,9.0,100000
45,Male,Master's,Senior Software Developer,16.0,140000
33,Female,Bachelor's,Junior Operations Analyst,5.0,70000
39,Male,Bachelor's,Senior Marketing Specialist,10.0,120000
44,Female,PhD,Senior HR Manager,18.0,160000
29,Male,Bachelor's,Junior Business Analyst,1.5,40000
38,Female,Bachelor's,Senior Product Manager,10.0,120000
46,Male,PhD,Senior Data Analyst,19.0,150000
34,Female,Bachelor's,Junior Marketing Analyst,6.0,70000
36,Male,Bachelor's,Senior Operations Manager,8.0,95000
49,Female,Master's,Director of Marketing,21.0,180000
31,Male,Bachelor's,Junior Financial Analyst,3.0,50000
41,Female,Bachelor's,Senior Project Coordinator,11.0,95000
47,Male,Master's,Director of Operations,20.0,170000
29,Male,Bachelor's,Junior Business Operations Analyst,1.5,350
37,Female,Bachelor's,Senior Financial Manager,10.0,120000
31,Female,Bachelor's,Junior Marketing Coordinator,3.0,50000
42,Male,Bachelor's,Senior Operations Manager,12.0,110000
29,Female,Bachelor's,Junior Sales Representative,1.5,40000
36,Male,Bachelor's,Senior Marketing Specialist,8.0,95000
44,Female,Master's,Senior HR Specialist,15.0,140000
33,Male,Bachelor's,Junior Operations Manager,4.0,60000
39,Female,Bachelor's,Senior Marketing Coordinator,9.0,110000
45,Male,PhD,Senior Data Engineer,16.0,150000
32,Female,Bachelor's,Junior Marketing Manager,4.0,60000
37,Male,Bachelor's,Senior Financial Analyst,8.0,90000
47,Female,Master's,Director of Marketing,20.0,180000
30,Male,Bachelor's,Junior Business Analyst,2.0,40000
38,Female,Bachelor's,Senior Project Manager,9.0,120000
46,Male,PhD,Senior Data Analyst,17.0,160000
34,Female,Bachelor's,Junior Financial Analyst,5.0,70000
36,Male,Bachelor's,Senior Product Manager,8.0,95000
49,Female,Master's,Director of Operations,21.0,180000
31,Male,Bachelor's,Junior Operations Analyst,3.0,50000
47,Male,Master's,Director of Marketing,19.0,170000
29,Female,Bachelor's,Junior Business Development Associate,1.5,35000
35,Male,Bachelor's,Senior Financial Manager,9.0,100000
44,Female,PhD,Senior Product Designer,15.0,150000
33,Male,Bachelor's,Junior Business Analyst,4.0,60000
44,Male,Bachelor's,Senior Software Engineer,13.0,130000
32,Male,Bachelor's,Junior Product Manager,4.0,65000
38,Female,Bachelor's,Senior Business Analyst,10.0,110000
49,Male,PhD,Director of Operations,21.0,180000
29,Female,Bachelor's,Junior Marketing Specialist,2.0,40000
35,Male,Bachelor's,Senior Business Development Manager,7.0,90000
45,Female,Master's,Senior HR Manager,14.0,140000
33,Male,Bachelor's,Junior Financial Analyst,4.0,60000
40,Female,Bachelor's,Senior Marketing Manager,12.0,130000
44,Male,PhD,Senior Data Scientist,16.0,160000
30,Female,Bachelor's,Junior Operations Coordinator,2.0,40000
37,Male,Bachelor's,Senior Marketing Analyst,9.0,100000
48,Female,Master's,Director of HR,20.0,180000
31,Male,Bachelor's,Junior Project Manager,3.0,55000
38,Female,Bachelor's,Senior Operations Coordinator,9.0,120000
33,Female,Bachelor's,Junior Marketing Manager,5.0,70000
36,Male,Bachelor's,Senior Business Analyst,8.0,95000
42,Female,Bachelor's,Senior Project Manager,12.0,120000
34,Female,Master's,Senior Financial Advisor,6.0,80000
30,Female,Bachelor's,Junior HR Coordinator,2.0,40000
37,Male,Bachelor's,Senior Business Development Manager,10.0,120000
45,Female,Master's,Senior Marketing Manager,16.0,160000
32,Male,Bachelor's,Junior Financial Advisor,4.0,65000
39,Female,Bachelor's,Senior Project Manager,12.0,130000
47,Male,PhD,Director of Engineering,20.0,180000
29,Female,Bachelor's,Junior Marketing Analyst,2.0,40000
36,Male,Bachelor's,Senior Operations Manager,9.0,100000
43,Female,PhD,Senior Data Scientist,15.0,150000
32,Male,Bachelor's,Junior Marketing Coordinator,3.0,55000
48,Male,Master's,Director of Marketing,21.0,180000
31,Female,Bachelor's,Junior Business Development Associate,3.0,50000
40,Male,Bachelor's,Senior Financial Analyst,12.0,130000
45,Female,PhD,Senior UX Designer,16.0,160000
33,Male,Bachelor's,Junior Product Manager,4.0,60000
36,Female,Bachelor's,Senior Marketing Manager,8.0,95000
47,Male,Master's,Director of Operations,19.0,170000
29,Female,Bachelor's,Junior Project Manager,2.0,40000
34,Male,Bachelor's,Senior Operations Coordinator,7.0,90000
44,Female,PhD,Senior Business Analyst,15.0,150000
33,Male,Bachelor's,Junior Marketing Specialist,5.0,70000
35,Female,Bachelor's,Senior Financial Manager,8.0,90000
43,Male,Master's,Director of Marketing,18.0,170000
31,Female,Bachelor's,Junior Financial Analyst,3.0,50000
41,Male,Bachelor's,Senior Product Manager,14.0,150000
44,Female,PhD,Senior Data Engineer,16.0,160000
45,Male,Master's,Director of Engineering,19.0,180000
28,Female,Bachelor's,Junior Operations Manager,1.0,35000
36,Male,Bachelor's,Senior Business Development Manager,8.0,110000
44,Female,PhD,Senior Data Scientist,16.0,160000
31,Male,Bachelor's,Junior Marketing Coordinator,3.0,55000
43,Male,Master's,Director of Operations,19.0,170000
31,Male,Master's,Data Scientist,6.0,160000
28,Female,Bachelor's,Software Engineer,3.0,125000
26,Male,Master's,Product Manager,2.0,120000
27,Female,Bachelor's,Data Analyst,2.0,110000
30,Male,PhD,Data Scientist,5.0,180000
29,Female,Bachelor's,Software Engineer,4.0,140000
32,Male,Bachelor's,Product Manager,7.0,170000
25,Female,Master's,Data Analyst,1.0,100000
33,Male,PhD,Data Scientist,8.0,190000
31,Female,Bachelor's,Software Engineer,6.0,155000
28,Male,Master's,Product Manager,3.0,130000
30,Female,Bachelor's,Data Analyst,5.0,145000
27,Male,PhD,Data Scientist,2.0,115000
34,Male,Bachelor's,Product Manager,9.0,185000
28,Male,Bachelor's,Software Engineer,3.0,125000
26,Female,Master's,Product Manager,2.0,120000
27,Male,Bachelor's,Data Analyst,2.0,110000
30,Female,PhD,Data Scientist,5.0,180000
29,Male,Bachelor's,Software Engineer,4.0,140000
26,Male,Bachelor's,Data Analyst,3.0,130000
29,Female,Master's,Data Scientist,6.0,180000
32,Male,Bachelor's,Software Engineer,8.0,190000
27,Female,Bachelor's,Product Manager,4.0,150000
24,Male,Bachelor's,Data Analyst,1.0,90000
31,Female,Master's,Data Scientist,9.0,195000
28,Male,Bachelor's,Software Engineer,5.0,160000
33,Female,Master's,Product Manager,11.0,198000
25,Male,Bachelor's,Data Analyst,2.0,110000
30,Female,PhD,Data Scientist,7.0,185000
27,Male,Bachelor's,Software Engineer,4.0,140000
34,Female,Master's,Product Manager,12.0,196000
23,Male,Bachelor's,Data Analyst,1.0,95000
32,Female,PhD,Data Scientist,10.0,193000
29,Male,Bachelor's,Software Engineer,6.0,175000
30,Female,Bachelor's,Product Manager,5.0,160000
31,Female,Master's,Data Scientist,6.0,180000
31,Male,Bachelor's,Data Analyst,9.0,195000
28,Female,Bachelor's,Software Engineer,5.0,160000
33,Male,Master's,Product Manager,11.0,198000
26,Female,Bachelor's,Data Analyst,3.0,130000
30,Male,PhD,Data Scientist,7.0,185000
27,Female,Bachelor's,Software Engineer,4.0,140000
34,Male,Master's,Product Manager,12.0,196000
25,Female,Bachelor's,Data Analyst,2.0,110000
30,Male,Bachelor's,Data Analyst,5.0,160000
31,Female,PhD,Data Scientist,9.0,195000
25,Male,Bachelor's,Data Analyst,2.0,125000
28,Female,Master's,Data Scientist,6.0,175000
30,Male,Bachelor's,Software Engineer,8.0,190000
24,Male,Bachelor's,Data Analyst,1.0,95000
31,Male,Master's,Data Scientist,9.0,195000
23,Male,Bachelor's,Data Analyst,1.0,90000
29,Male,Bachelor's,Software Engineer,6.0,170000
26,Male,Bachelor's,Data Analyst,3.0,135000
25,Male,Bachelor's,Data Analyst,2.0,115000
27,Female,Master's,Data Scientist,4.0,150000
24,Female,Bachelor's,Product Manager,3.0,125000
31,Male,Master's,Data Scientist,7.0,180000
33,Female,Master's,Product Manager,10.0,195000
30,Female,PhD,Data Scientist,6.0,170000
34,Female,Master's,Product Manager,11.0,196000
23,Male,Bachelor's,Data Analyst,1.0,92000
32,Female,PhD,Data Scientist,9.0,195000
28,Male,Bachelor's,Software Engineer,5.0,165000
25,Male,Bachelor's,Data Analyst,3.0,135000
33,Female,Master's,Product Manager,11.0,196000
24,Male,Bachelor's,Data Analyst,1.0,92000
32,Male,Bachelor's,Data Analyst,5.0,135000
27,Female,Master's,Data Scientist,3.0,180000
40,Male,Bachelor's,Software Engineer,12.0,195000
35,Female,Bachelor's,Product Manager,8.0,165000
43,Male,Master's,Data Scientist,15.0,198000
29,Female,Bachelor's,Software Engineer,4.0,150000
36,Male,Bachelor's,Data Analyst,9.0,162000
31,Male,Master's,Data Scientist,6.0,175000
42,Female,Bachelor's,Software Engineer,13.0,197000
33,Male,Bachelor's,Data Analyst,7.0,142000
29,Female,Master's,Data Scientist,4.0,182000
41,Male,Bachelor's,Software Engineer,11.0,185000
35,Female,Bachelor's,Product Manager,8.0,170000
27,Male,Bachelor's,Software Engineer,4.0,160000
32,Male,Bachelor's,Data Scientist,8.0,180000
29,Female,Master's,Data Analyst,6.0,150000
30,Male,Bachelor's,Data Analyst,5.0,140000
24,Male,Bachelor's,Data Analyst,2.0,100000
33,Female,Master's,Product Manager,11.0,190000
26,Male,Bachelor's,Data Analyst,3.0,120000
30,Female,PhD,Data Scientist,7.0,170000
31,Male,Bachelor's,Data Analyst,9.0,190000
28,Female,Bachelor's,Software Engineer,5.0,150000
26,Female,Bachelor's,Data Analyst,3.0,120000
30,Male,PhD,Data Scientist,7.0,170000
27,Female,Bachelor's,Product Manager,4.0,130000
24,Male,Bachelor's,Data Analyst,2.0,95000
33,Male,Master's,Product Manager,11.0,195000
25,Male,Bachelor's,Data Analyst,2.0,100000
28,Male,Bachelor's,Software Engineer,5.0,150000
29,Female,Master's,Data Scientist,6.0,150000
33,Female,Master's,Product Manager,11.0,195000
31,Female,Master's,Data Scientist,6.0,170000
32,Male,Bachelor's,Software Engineer,8.0,180000
34,Female,Master's,Product Manager,12.0,190000
25,Female,Bachelor's,Data Analyst,2.0,100000
29,Male,Bachelor's,Software Engineer,7.0,180000
27,Female,Bachelor's,Data Analyst,5.0,120000
33,Male,Master's,Data Scientist,10.0,195000
28,Male,Bachelor's,Software Engineer,4.0,160000
26,Female,Bachelor's,Data Analyst,3.0,100000
31,Male,Bachelor's,Product Manager,8.0,190000
30,Male,Master's,Software Engineer,6.0,170000
32,Female,Bachelor's,Data Scientist,9.0,185000
29,Male,Bachelor's,Data Analyst,7.0,130000
35,Female,Bachelor's,Product Manager,12.0,190000
27,Male,Bachelor's,Software Engineer,5.0,150000
28,Female,Master's,Data Scientist,6.0,150000
37,Male,PhD,Product Manager,14.0,195000
26,Male,Bachelor's,Data Analyst,3.0,110000
30,Female,Bachelor's,Software Engineer,8.0,180000
31,Male,Master's,Data Scientist,9.0,185000
29,Female,Bachelor's,Data Analyst,7.0,130000
32,Male,Bachelor's,Software Engineer,10.0,190000
28,Female,Master's,Data Scientist,6.0,155000
34,Male,Bachelor's,Software Engineer,12.0,195000
25,Female,Bachelor's,Data Analyst,2.0,90000
30,Male,Bachelor's,Product Manager,8.0,185000
29,Female,Bachelor's,Data Analyst,6.0,120000
31,Male,Bachelor's,Software Engineer,9.0,180000
27,Female,Bachelor's,Data Analyst,5.0,125000
28,Male,Bachelor's,Senior Software Engineer,7.0,175000
44,Male,PhD,Software Engineer Manager,18.0,190000
33,Female,Master's,Back end Developer,5.0,110000
50,Male,PhD,Senior Project Engineer,16.0,195000
27,Female,Master's,Full Stack Engineer,3.0,100000
25,Male,Bachelor's,Front end Developer,1.0,60000
35,Male,Master's,Senior Software Engineer,8.0,155000
47,Female,PhD,Full Stack Engineer,12.0,175000
46,Female,Master's,Senior Project Engineer,13.0,180000
32,Male,Bachelor's,Back end Developer,4.0,95000
61,Male,PhD,Software Engineer Manager,20.0,200000
41,Male,Master's,Senior Software Engineer,11.0,165000
37,Male,Master's,Senior Project Engineer,9.0,145000
53,Male,PhD,Software Engineer Manager,19.0,195000
30,Female,Bachelor's,Front end Developer,2.0,75000
26,Female,Master's,Back end Developer,3.0,90000
37,Female,Master's,Senior Software Engineer,9.0,155000
32,Male,Bachelor's,Full Stack Engineer,5.0,115000
44,Female,Master's,Senior Software Engineer,12.0,170000
50,Female,PhD,Software Engineer Manager,16.0,190000
27,Male,Bachelor's,Senior Project Engineer,4.0,115000
42,Male,PhD,Full Stack Engineer,14.0,180000
57,Male,PhD,Software Engineer Manager,18.0,195000
35,Male,Master's,Senior Software Engineer,7.0,140000
62,Male,PhD,Software Engineer Manager,19.0,200000
26,Female,Master's,Back end Developer,2.0,70000
42,Female,Master's,Senior Project Engineer,11.0,170000
41,Female,PhD,Software Engineer Manager,14.0,185000
36,Female,Master's,Full Stack Engineer,8.0,140000
49,Male,PhD,Software Engineer Manager,15.0,185000
49,Male,PhD,Senior Project Engineer,15.0,185000
47,Male,PhD,Software Engineer Manager,15.0,180000
47,Male,PhD,Senior Software Engineer,14.0,175000
26,Male,Bachelor's,Front end Developer,2.0,70000
24,Female,Bachelor's,Back end Developer,1.0,60000
62,Male,PhD,Software Engineer Manager,20.0,200000
42,Male,PhD,Senior Software Engineer,14.0,170000
41,Female,Master's,Senior Project Engineer,11.0,165000
23,Male,Bachelor's,Full Stack Engineer,1.0,55000
55,Male,PhD,Software Engineer Manager,17.0,190000
33,Female,Bachelor's,Front end Developer,5.0,105000
31,Male,Master's,Full Stack Engineer,6.0,130000
50,Female,PhD,Software Engineer Manager,16.0,185000
24,Female,Master's,Back end Developer,1.0,60000
56,Male,PhD,Software Engineer Manager,17.0,195000
24,Male,Bachelor's,Front end Developer,1.0,60000
37,Male,Master's,Senior Software Engineer,8.0,150000
43,Female,PhD,Senior Project Engineer,13.0,180000
34,Male,Master's,Back end Developer,6.0,125000
45,Male,PhD,Software Engineer Manager,15.0,185000
29,Male,Bachelor's,Full Stack Engineer,3.0,90000
29,Male,Bachelor's,Front end Developer,3.0,80000
29,Female,Bachelor's,Back end Developer,3.0,85000
48,Male,PhD,Senior Project Engineer,16.0,190000
43,Female,Master's,Software Engineer Manager,11.0,160000
54,Male,PhD,Software Engineer Manager,17.0,195000
60,Male,PhD,Software Engineer Manager,18.0,195000
54,Female,PhD,Software Engineer Manager,14.0,190000
27,Female,Master's,Full Stack Engineer,3.0,95000
23,Male,Bachelor's,Back end Developer,1.0,55000
45,Male,PhD,Senior Software Engineer,13.0,185000
32,Female,Master's,Full Stack Engineer,5.0,120000
57,Male,PhD,Software Engineer Manager,16.0,195000
47,Male,PhD,Software Engineer Manager,14.0,175000
25,Female,Master's,Back end Developer,2.0,75000
58,Male,PhD,Software Engineer Manager,17.0,200000
41,Female,Master's,Senior Software Engineer,12.0,160000
41,Male,PhD,Software Engineer Manager,12.0,175000
47,Male,PhD,Senior Software Engineer,15.0,180000
32,Male,Bachelor's,Full Stack Engineer,5.0,120000
45,Male,PhD,Senior Project Engineer,14.0,185000
53,Male,PhD,Software Engineer Manager,18.0,195000
47,Female,PhD,Senior Software Engineer,14.0,170000
23,Male,Bachelor's,Front end Developer,1.0,55000
33,Male,Master's,Back end Developer,6.0,130000
42,Male,PhD,Software Engineer Manager,14.0,180000
37,Male,Master's,Senior Software Engineer,9.0,145000
44,Female,Master's,Senior Project Engineer,12.0,170000
38,Female,Master's,Back end Developer,10.0,155000
34,Male,Master's,Full Stack Engineer,6.0,125000
46,Female,PhD,Software Engineer Manager,14.0,180000
30,Male,Bachelor's,Back end Developer,4.0,95000
44,Female,Master's,Senior Software Engineer,11.0,170000
42,Male,PhD,Senior Project Engineer,14.0,175000
27,Male,Bachelor's,Front end Developer,3.0,80000
54,Male,PhD,Software Engineer Manager,18.0,195000
38,Male,Master's,Senior Software Engineer,10.0,155000
31,Male,Master's,Senior Project Engineer,6.0,125000
28,Female,Master's,Full Stack Engineer,4.0,110000
30,Female,Master's,Back end Developer,6.0,130000
54,Male,PhD,Software Engineer Manager,16.0,190000
37,Male,Master's,Senior Software Engineer,9.0,150000
31,Male,Master's,Senior Software Engineer,7.0,140000
58,Female,PhD,Software Engineer Manager,17.0,195000
23,Female,Bachelor's,Back end Developer,1.0,55000
52,Female,PhD,Software Engineer Manager,16.0,190000
32,Female,Master's,Full Stack Engineer,6.0,130000
32,Male,Master's,Back end Developer,6.0,130000
34,Male,Master's,Full Stack Engineer,7.0,140000
28,Male,Bachelor's,Front end Developer,2.0,70000
44,Male,Master's,Senior Project Engineer,11.0,170000
46,Male,PhD,Software Engineer Manager,14.0,180000
27,Female,Master's,Back end Developer,2.0,70000
23,Female,Bachelor's,Front end Developer,1.0,55000
43,Male,PhD,Software Engineer Manager,13.0,180000
28,Female,Bachelor's,Front end Developer,2.0,70000
43,Male,Master's,Senior Project Engineer,12.0,165000
43,Male,PhD,Senior Project Engineer,13.0,185000
36,Male,Master's,Senior Software Engineer,7.0,140000
28,Female,Bachelor's,Front end Developer,3.0,80000
28,Female,Master's,Back end Developer,3.0,90000
43,Male,PhD,Senior Software Engineer,12.0,170000
44,Male,PhD,Senior Project Engineer,12.0,170000
37,Male,Master's,Senior Software Engineer,10.0,155000
56,Male,PhD,Software Engineer Manager,18.0,195000
27,Male,Bachelor's,Front end Developer,2.0,70000
31,Male,Master's,Full Stack Engineer,7.0,140000
50,Male,PhD,Software Engineer Manager,16.0,190000
33,Male,Master's,Full Stack Engineer,6.0,130000
41,Male,PhD,Senior Project Engineer,12.0,165000
24,Female,Bachelor's,Front end Developer,1.0,55000
43,Male,PhD,Senior Project Engineer,12.0,165000
58,Male,PhD,Software Engineer Manager,17.0,195000
29,Female,Bachelor's,Front end Developer,3.0,85000
52,Male,PhD,Software Engineer Manager,18.0,200000
36,Male,Master's,Full Stack Engineer,8.0,140000
26,Male,Bachelor's,Back end Developer,2.0,65000
47,Male,PhD,Senior Project Engineer,16.0,190000
32,Male,Master's,Full Stack Engineer,6.0,120000
57,Male,PhD,Software Engineer Manager,18.0,200000
51,Male,PhD,Software Engineer Manager,16.0,190000
27,Female,Master's,Back end Developer,2.0,65000
36,Male,Master's,Full Stack Engineer,7.0,130000
33,Female,Master's,Full Stack Engineer,5.0,120000
25,Male,Bachelor's,Front end Developer,1.0,55000
40,Male,PhD,Senior Software Engineer,12.0,160000
36,Male,Master's,Senior Software Engineer,8.0,140000
31,Male,Master's,Senior Project Engineer,7.0,135000
24,Male,Bachelor's,Back end Developer,1.0,55000
34,Male,Bachelor's,Front end Developer,5.0,95000
43,Female,Master's,Senior Software Engineer,12.0,170000
27,Male,Bachelor's,Back end Developer,2.0,75000
56,Female,PhD,Software Engineer Manager,18.0,210000
32,Male,Master's,Full Stack Engineer,7.0,135000
46,Male,PhD,Senior Project Engineer,16.0,190000
41,Female,PhD,Senior Project Engineer,11.0,165000
34,Male,Bachelor's,Back end Developer,6.0,120000
40,Female,PhD,Senior Software Engineer,12.0,160000
24,Male,Bachelor's,Front end Developer,1.0,55000
36,Male,Bachelor's,Front end Developer,7.0,120000
29,Female,Master's,Back end Developer,3.0,90000
41,Female,PhD,Software Engineer Manager,14.0,180000
33,Male,Bachelor's,Full Stack Engineer,7.0,130000
42,Male,PhD,Senior Software Engineer,12.0,170000
28,Male,Bachelor's,Back end Developer,2.0,70000
55,Male,PhD,Software Engineer Manager,18.0,210000
26,Female,Master's,Front end Developer,1.0,55000
44,Female,PhD,Software Engineer Manager,11.0,165000
30,Male,Master's,Full Stack Engineer,5.0,105000
39,Female,Master's,Senior Software Engineer,11.0,160000
32,Male,Bachelor's,Front end Developer,6.0,110000
50,Male,PhD,Software Engineer Manager,17.0,195000
27,Male,Bachelor's,Back end Developer,3.0,85000
46,Male,PhD,Senior Project Engineer,14.0,180000
25,Female,Bachelor's,Front end Developer,1.0,55000
35,Male,Bachelor's,Back end Developer,8.0,140000
35,Male,Bachelor's,Full Stack Engineer,8.0,145000
41,Male,PhD,Senior Project Engineer,13.0,185000
33,Male,Bachelor's,Front end Developer,6.0,110000
31,Male,Bachelor's,Front end Developer,6.0,115000
42,Female,Master's,Software Engineer Manager,13.0,170000
27,Female,Bachelor's,Back end Developer,3.0,80000
51,Male,PhD,Senior Project Engineer,19.0,200000
34,Female,Master's,Full Stack Engineer,7.0,130000
38,Male,Bachelor's,Software Engineer Manager,11.0,155000
29,Male,Bachelor's,Front end Developer,5.0,105000
43,Female,PhD,Senior Project Engineer,14.0,190000
36,Male,Master's,Back end Developer,8.0,140000
48,Male,PhD,Software Engineer Manager,16.0,185000
35,Female,Bachelor's,Full Stack Engineer,8.0,145000
30,Female,Master's,Front end Developer,4.0,90000
50,Male,PhD,Senior Project Engineer,18.0,195000
29,Male,Bachelor's,Back end Developer,4.0,95000
41,Male,Master's,Software Engineer Manager,13.0,170000
33,Female,Bachelor's,Full Stack Engineer,6.0,115000
45,Male,PhD,Senior Project Engineer,16.0,185000
28,Female,Bachelor's,Front end Developer,2.0,65000
39,Female,Master's,Software Engineer Manager,12.0,160000
30,Male,Bachelor's,Back end Developer,5.0,100000
46,Male,PhD,Senior Project Engineer,15.0,180000
42,Male,PhD,Software Engineer Manager,14.0,190000
31,Male,Bachelor's,Full Stack Engineer,6.0,115000
49,Female,PhD,Senior Project Engineer,17.0,195000
36,Male,Master's,Back end Developer,9.0,150000
45,Male,PhD,Software Engineer Manager,16.0,185000
25,Female,Bachelor's,Front end Developer,1.0,550
29,Male,Bachelor's,Front end Developer,4.0,90000
40,Female,Master's,Software Engineer Manager,12.0,160000
33,Female,Master's,Full Stack Engineer,6.0,115000
37,Male,Bachelor's,Software Engineer Manager,10.0,150000
28,Male,Bachelor's,Front end Developer,2.0,65000
44,Female,PhD,Senior Project Engineer,14.0,190000
35,Male,Master's,Back end Developer,8.0,140000
47,Male,PhD,Software Engineer Manager,16.0,185000
34,Female,Bachelor's,Full Stack Engineer,7.0,130000
31,Female,Master's,Front end Developer,5.0,105000
42,Male,Master's,Software Engineer Manager,13.0,170000
29,Female,Bachelor's,Front end Developer,4.0,90000
27,Male,Bachelor's,Back end Developer,3.0,80000
49,Male,PhD,Senior Project Engineer,17.0,195000
32,Female,Master's,Full Stack Engineer,6.0,115000
36,Male,Bachelor's,Software Engineer Manager,8.0,135000
27,Male,Bachelor's,Front end Developer,2.0,65000
34,Male,Master's,Back end Developer,8.0,140000
46,Male,PhD,Software Engineer Manager,16.0,185000
33,Female,Bachelor's,Full Stack Engineer,7.0,130000
30,Female,Master's,Front end Developer,5.0,105000
50,Male,PhD,Senior Project Engineer,19.0,200000
27,Male,,Developer,7.0,100000
31,Female,Bachelor's,Front end Developer,6.0,110000
37,Male,Master's,Software Engineer Manager,10.0,150000
31,Male,Master's,Software Engineer Manager,8.0,130000
43,Male,PhD,Senior Project Engineer,15.0,180000
35,Female,Master's,Full Stack Engineer,8.0,140000
42,Male,Bachelor's,Software Engineer Manager,12.0,160000
28,Female,Bachelor's,Front end Developer,2.0,55000
44,Female,PhD,Senior Project Engineer,16.0,190000
32,Male,Master's,Back end Developer,7.0,120000
48,Male,PhD,Software Engineer Manager,18.0,200000
30,Female,Bachelor's,Full Stack Engineer,5.0,100000
34,Male,Master's,Front end Developer,9.0,150000
37,Female,Bachelor's,Software Engineer Manager,11.0,170000
49,Female,PhD,Senior Project Engineer,19.0,210000
29,Male,Bachelor's,Full Stack Engineer,4.0,90000
41,Male,Master's,Software Engineer Manager,14.0,180000
46,Female,PhD,Senior Project Engineer,16.0,185000
30,Male,Master's,Front end Developer,5.0,105000
50,Male,PhD,Software Engineer Manager,20.0,210000
31,Male,Bachelor's,Back end Developer,6.0,95000
39,Female,Master's,Software Engineer Manager,11.0,170000
48,Male,PhD,Software Engineer Manager,19.0,200000
28,Male,Bachelor's,Software Engineer,4.0,75000
33,Female,Master's,Data Analyst,7.0,95000
22,Male,Bachelor's,Front End Developer,1.0,50000
44,Male,PhD,Senior Data Scientist,15.0,180000
29,Female,Bachelor's,Software Developer,3.0,65000
31,Male,Master's,Product Manager,6.0,120000
25,Female,Master's,Software Engineer,2.0,60000
38,Male,Bachelor's,Data Scientist,10.0,150000
27,Male,Bachelor's,Software Engineer,3.0,70000
46,Female,PhD,Director of Data Science,20.0,220000
33,Male,Master's,Data Analyst,8.0,100000
24,Female,Bachelor's,Software Developer,2.0,55000
36,Male,PhD,Senior Data Scientist,12.0,170000
30,Female,Bachelor's,Software Engineer,5.0,90000
29,Male,Bachelor's,Front End Developer,4.0,80000
42,Male,Master's,Product Manager,14.0,180000
26,Male,Bachelor's,Software Developer,2.0,60000
35,Female,Master's,Data Analyst,9.0,120000
27,Female,Bachelor's,Software Engineer,3.0,70000
48,Male,PhD,Director of Data Science,18.0,210000
34,Male,Master's,Data Scientist,9.0,140000
23,Female,Bachelor's,Software Engineer,1.0,50000
32,Male,Master's,Product Manager,7.0,110000
37,Male,Bachelor's,Data Analyst,11.0,160000
41,Female,PhD,Director of Data Science,16.0,200000
34,Male,Master's,Data Analyst,8.0,100000
34,Female,Bachelor's,Full Stack Engineer,8.0,122485
25,Male,PhD,Software Engineer Manager,12.0,169159
43,Male,Master's,Senior Software Engineer,21.0,187081
53,Other,High School,Senior Project Engineer,31.0,166109
27,Female,Master's,Front end Developer,5.0,78354
25,Male,Bachelor's,Back end Developer,2.0,90249
29,Female,Master's,Senior Software Engineer,6.0,132720
52,Male,PhD,Software Engineer Manager,23.0,161568
41,Male,Master's,Front end Developer,13.0,127346
49,Female,Bachelor's,Back end Developer,19.0,120177
25,Other,High School,Full Stack Engineer,2.0,69032
35,Male,Master's,Senior Project Engineer,8.0,101332
57,Female,PhD,Full Stack Engineer,30.0,121450
35,Female,Bachelor's,Senior Project Engineer,12.0,166375
43,Male,Master's,Senior Software Engineer,21.0,185119
37,Female,Bachelor's,Full Stack Engineer,10.0,149217
50,Male,Master's,Software Engineer Manager,21.0,166512
52,Female,Master's,Senior Software Engineer,28.0,186963
26,Male,Bachelor's,Back end Developer,3.0,75072
34,Female,Master's,Full Stack Engineer,10.0,163398
30,Male,High School,Senior Project Engineer,11.0,103947
60,Female,PhD,Software Engineer Manager,33.0,179180
50,Male,Bachelor's,Back end Developer,23.0,175966
58,Male,Master's,Senior Software Engineer,27.0,190004
35,Female,Master's,Full Stack Engineer,10.0,152039
28,Male,Master's,Front end Developer,5.0,76742
57,Female,PhD,Software Engineer Manager,33.0,191790
46,Female,Bachelor's,Senior Software Engineer,20.0,139398
28,Male,High School,Back end Developer,7.0,95845
34,Male,Master's,Full Stack Engineer,12.0,160976
33,Female,Master's,Senior Project Engineer,9.0,126753
37,Other,Master's,Full Stack Engineer,14.0,161393
33,Male,Master's,Senior Software Engineer,8.0,139817
53,Male,PhD,Software Engineer Manager,25.0,181714
35,Female,Bachelor's,Back end Developer,10.0,114776
30,Male,Master's,Full Stack Engineer,6.0,105725
24,Female,High School,Senior Project Engineer,1.0,52731
36,Male,Master's,Front end Developer,8.0,106492
27,Female,Bachelor's,Full Stack Engineer,4.0,73895
23,Male,PhD,Software Engineer Manager,1.0,119836
28,Female,Master's,Senior Software Engineer,5.0,99747
52,Male,Bachelor's,Back end Developer,25.0,168287
28,Female,Master's,Full Stack Engineer,7.0,115920
32,Male,Master's,Senior Project Engineer,11.0,128078
24,Female,Bachelor's,Front end Developer,1.0,51265
43,Male,High School,Senior Software Engineer,22.0,165919
60,Female,PhD,Software Engineer Manager,34.0,188651
24,Male,Master's,Back end Developer,0.0,55538
55,Male,Bachelor's,Senior Project Engineer,28.0,193964
29,Female,Master's,Full Stack Engineer,4.0,104702
44,Male,PhD,Software Engineer Manager,19.0,172955
40,Female,Master's,Senior Software Engineer,16.0,138032
27,Male,Bachelor's,Back end Developer,4.0,82683
43,Male,Master's,Full Stack Engineer,17.0,155414
49,Female,High School,Senior Project Engineer,25.0,154207
30,Male,Master's,Front end Developer,8.0,107895
42,Female,Bachelor's,Senior Software Engineer,18.0,148446
26,Male,Master's,Full Stack Engineer,4.0,102859
41,Female,PhD,Software Engineer Manager,13.0,138662
46,Male,Bachelor's,Senior Project Engineer,23.0,181699
57,Female,Master's,Full Stack Engineer,33.0,188232
22,Female,High School,Back end Developer,0.0,51832
54,Male,PhD,Software Engineer Manager,28.0,188484
42,Female,Master's,Senior Software Engineer,16.0,138286
49,Male,Bachelor's,Full Stack Engineer,22.0,181132
27,Female,Master's,Back end Developer,4.0,73938
36,Male,Bachelor's,Senior Project Engineer,14.0,119224
31,Female,Master's,Full Stack Engineer,6.0,101186
39,Male,Master's,Software Engineer Manager,14.0,142360
41,Female,Bachelor's,Senior Project Engineer,20.0,151315
48,Male,PhD,Full Stack Engineer,23.0,181021
39,Female,Master's,Senior Software Engineer,15.0,134641
48,Male,Bachelor's,Front end Developer,23.0,173851
31,Other,High School,Back end Developer,8.0,104127
47,Male,Master's,Senior Project Engineer,25.0,178859
29,Female,PhD,Full Stack Engineer,5.0,98568
32,Male,Bachelor's,Software Engineer Manager,9.0,104661
38,Female,Master's,Senior Software Engineer,13.0,134858
34,Male,Bachelor's,Back end Developer,10.0,94502
23,Other,High School,Front end Developer,2.0,62852
36,Male,Bachelor's,Front end Developer,14.0,139095
30,Female,Master's,Senior Project Engineer,5.0,106278
28,Male,Master's,Full Stack Engineer,4.0,90452
46,Female,PhD,Software Engineer Manager,23.0,168304
34,Male,Bachelor's,Back end Developer,10.0,126593
44,Male,Master's,Senior Software Engineer,19.0,152203
55,Female,PhD,Software Engineer Manager,30.0,183138
35,Male,Master's,Full Stack Engineer,9.0,130275
54,Male,Bachelor's,Senior Project Engineer,29.0,191915
23,Female,High School,Back end Developer,2.0,62807
46,Male,Master's,Senior Software Engineer,21.0,174305
33,Female,Bachelor's,Full Stack Engineer,9.0,133326
26,Male,Master's,Front end Developer,4.0,75656
43,Female,PhD,Software Engineer Manager,19.0,155944
36,Male,Master's,Full Stack Engineer,11.0,137775
23,Female,Bachelor's,Senior Project Engineer,0.0,51831
49,Male,Master's,Software Engineer Manager,22.0,182237
35,Female,Master's,Full Stack Engineer,10.0,151901
31,Male,Bachelor's,Back end Developer,8.0,100052
54,Other,High School,Senior Software Engineer,29.0,158254
43,Male,Master's,Full Stack Engineer,20.0,167207
33,Female,Master's,Senior Project Engineer,10.0,112439
52,Female,PhD,Software Engineer Manager,29.0,194214
28,Male,Bachelor's,Full Stack Engineer,5.0,84407
36,Female,Master's,Senior Software Engineer,13.0,139413
43,Male,Bachelor's,Senior Project Engineer,20.0,143084
50,Female,Master's,Full Stack Engineer,25.0,192344
24,Male,PhD,Software Engineer Manager,1.0,106132
52,Male,Master's,Senior Software Engineer,26.0,184816
46,Female,Bachelor's,Back end Developer,19.0,150248
38,Male,Master's,Full Stack Engineer,15.0,170995
29,Male,Bachelor's,Senior Project Engineer,6.0,88035
33,Female,Master's,Front end Developer,10.0,119419
47,Male,PhD,Software Engineer Manager,21.0,173582
45,Female,Master's,Senior Software Engineer,23.0,174436
28,Male,Bachelor's,Back end Developer,4.0,71699
42,Female,Master's,Full Stack Engineer,14.0,163558
46,Male,Bachelor's,Senior Project Engineer,24.0,166828
38,Female,PhD,Software Engineer Manager,15.0,144496
54,Male,Master's,Senior Software Engineer,31.0,193746
33,Female,Master's,Full Stack Engineer,8.0,122581
27,Male,High School,Back end Developer,4.0,79767
50,Female,Bachelor's,Senior Project Engineer,25.0,177177
26,Male,Master's,Full Stack Engineer,4.0,89843
31,Female,Master's,Senior Software Engineer,6.0,113563
35,Male,Bachelor's,Front end Developer,10.0,128712
44,Female,PhD,Software Engineer Manager,18.0,161621
32,Male,Master's,Senior Project Engineer,8.0,121454
54,Male,Bachelor's,Full Stack Engineer,25.0,179987
26,Female,Master's,Front end Developer,3.0,72649
23,Male,PhD,Software Engineer Manager,0.0,52612
48,Female,Master's,Senior Software Engineer,24.0,184006
38,Male,Bachelor's,Back end Developer,12.0,131960
30,Female,Master's,Full Stack Engineer,5.0,102465
40,Male,Master's,Software Engineer Manager,16.0,149748
45,Female,Bachelor's,Senior Project Engineer,22.0,171036
36,Male,Master's,Full Stack Engineer,13.0,146351
52,Male,PhD,Software Engineer Manager,26.0,185462
31,Female,Bachelor's,Senior Software Engineer,7.0,107718
26,Male,Master's,Full Stack Engineer,4.0,90944
30,Female,Master's,Senior Project Engineer,5.0,100425
24,Male,Bachelor's,Back end Developer,2.0,63901
45,Male,Master's,Senior Software Engineer,22.0,181902
33,Female,Master's,Full Stack Engineer,9.0,136533
38,Male,Bachelor's,Front end Developer,11.0,136285
54,Female,PhD,Software Engineer Manager,31.0,191818
42,Male,Master's,Full Stack Engineer,19.0,176643
28,Female,Bachelor's,Senior Project Engineer,4.0,70022
30,Male,Master's,Front end Developer,6.0,99363
43,Female,Master's,Senior Software Engineer,19.0,152944
35,Male,Bachelor's,Back end Developer,10.0,123386
44,Male,Master's,Full Stack Engineer,21.0,168906
55,Female,Bachelor's,Senior Project Engineer,30.0,183020
23,Male,High School,Front end Developer,1.0,47898
39,Female,Master's,Senior Software Engineer,14.0,135853
43,Male,Bachelor's,Full Stack Engineer,17.0,149198
29,Male,PhD,Software Engineer Manager,6.0,106662
51,Male,Master's,Senior Software Engineer,28.0,186610
30,Female,Bachelor's,Senior Project Engineer,6.0,89995
26,Male,Master's,Full Stack Engineer,4.0,85825
39,Female,PhD,Software Engineer Manager,13.0,143814
49,Male,Master's,Front end Developer,24.0,174726
42,Female,Bachelor's,Senior Software Engineer,20.0,150534
27,Male,Bachelor's,Back end Developer,4.0,68732
43,Male,Master's,Full Stack Engineer,21.0,187951
37,Female,Bachelor's,Senior Project Engineer,13.0,137336
51,Male,PhD,Software Engineer Manager,26.0,191159
29,Female,Master's,Full Stack Engineer,5.0,102868
43,Male,Bachelor's,Senior Software Engineer,20.0,154281
31,Male,Master's,Back end Developer,8.0,111535
30,Female,Master's,Senior Project Engineer,6.0,107906
36,Male,Bachelor's,Full Stack Engineer,13.0,143885
52,Female,PhD,Software Engineer Manager,27.0,180958
28,Male,Master's,Senior Software Engineer,6.0,108607
49,Male,Bachelor's,Back end Developer,24.0,178284
27,Female,Master's,Front end Developer,4.0,75969
41,Male,Master's,Senior Project Engineer,15.0,143705
56,Female,PhD,Software Engineer Manager,31.0,197354
46,Male,Bachelor's,Senior Software Engineer,22.0,174324
32,Female,Master's,Full Stack Engineer,8.0,123781
38,Male,PhD,Software Engineer Manager,12.0,141735
52,Male,Master's,Senior Project Engineer,28.0,187120
24,Female,Bachelor's,Back end Developer,1.0,61095
49,Male,Master's,Full Stack Engineer,22.0,179045
35,Female,Master's,Senior Software Engineer,10.0,130355
31,Male,Bachelor's,Front end Developer,7.0,103282
44,Female,PhD,Software Engineer Manager,18.0,157872
33,Male,Master's,Senior Project Engineer,10.0,117314
54,Male,Bachelor's,Senior Software Engineer,30.0,186321
33,Female,Master's,Full Stack Engineer,11.0,129686
27,Male,High School,Back end Developer,3.0,68611
51,Female,Master's,Senior Project Engineer,25.0,177913
26,Male,Master's,Full Stack Engineer,3.0,68472
31,Female,Master's,Senior Software Engineer,6.0,113065
35,Male,Bachelor's,Front end Developer,9.0,125091
45,Female,PhD,Software Engineer Manager,23.0,172925
32,Male,Master's,Senior Project Engineer,9.0,126916
54,Male,Bachelor's,Full Stack Engineer,27.0,183417
26,Female,Master's,Front end Developer,4.0,76898
23,Male,PhD,Software Engineer Manager,1.0,579
26,Female,Bachelor's,Software Engineer,2.0,65000
33,Male,Master's,Data Analyst,8.0,120000
29,Female,Bachelor's,Product Manager,4.0,90000
41,Male,PhD,Data Scientist,15.0,190000
35,Female,Master's,Software Engineer,9.0,140000
28,Male,Bachelor's,Software Developer,3.0,75000
37,Female,Master's,Data Scientist,11.0,160000
33,Male,Bachelor's,Product Manager,8.0,130000
24,Female,Master's,Software Engineer,2.0,60000
46,Male,PhD,Director of Data Science,20.0,220000
29,Female,Bachelor's,Software Developer,5.0,80000
31,Male,Master's,Data Scientist,7.0,130000
27,Female,Bachelor's,Software Engineer,3.0,65000
38,Male,PhD,Senior Data Scientist,13.0,170000
30,Female,Master's,Product Manager,6.0,110000
25,Male,Bachelor's,Front End Developer,2.0,50000
44,Male,PhD,Director of Data Science,18.0,210000
33,Female,Master's,Data Analyst,8.0,100000
22,Male,Bachelor's,Software Engineer,1.0,50000
36,Male,Master's,Product Manager,10.0,160000
28,Female,Bachelor's,Software Engineer,4.0,70000
41,Male,PhD,Senior Data Scientist,16.0,190000
34,Female,Master's,Data Scientist,9.0,140000
23,Male,Bachelor's,Software Developer,1.0,45000
32,Female,Master's,Product Manager,7.0,120000
25,Male,Master's,Software Engineer,2.0,60000
37,Female,Bachelor's,Data Analyst,11.0,150000
28,Male,Bachelor's,Software Engineer,4.0,70000
29,Female,Bachelor's,Full Stack Engineer,6.0,103579
45,Male,Master's,Software Engineer Manager,19.0,163780
36,Male,Bachelor's,Front end Developer,12.0,137878
30,Female,Master's,Senior Project Engineer,4.0,92438
28,Male,Master's,Full Stack Engineer,5.0,84181
46,Female,PhD,Software Engineer Manager,21.0,174821
34,Male,Bachelor's,Back end Developer,10.0,126520
44,Male,Master's,Senior Software Engineer,18.0,152168
55,Female,PhD,Software Engineer Manager,29.0,190543
35,Male,Master's,Full Stack Engineer,9.0,131547
54,Male,Bachelor's,Senior Project Engineer,28.0,192292
23,Female,High School,Back end Developer,1.0,52807
46,Male,Master's,Senior Software Engineer,20.0,174938
33,Female,Bachelor's,Full Stack Engineer,8.0,124071
26,Male,Master's,Front end Developer,3.0,73640
43,Female,PhD,Software Engineer Manager,19.0,156486
36,Male,Master's,Full Stack Engineer,11.0,138859
23,Female,Bachelor's,Senior Project Engineer,0.0,52831
49,Male,Master's,Software Engineer Manager,23.0,182392
35,Female,Master's,Full Stack Engineer,11.0,151078
31,Male,Bachelor's,Back end Developer,8.0,100679
54,Other,High School,Senior Software Engineer,29.0,158966
43,Male,Master's,Full Stack Engineer,20.0,167924
33,Female,Master's,Senior Project Engineer,10.0,113334
52,Female,PhD,Software Engineer Manager,29.0,194778
28,Male,Bachelor's,Full Stack Engineer,4.0,77606
36,Female,Master's,Senior Software Engineer,13.0,140010
43,Male,Bachelor's,Senior Project Engineer,20.0,142421
50,Female,Master's,Full Stack Engineer,24.0,192756
24,Male,PhD,Software Engineer Manager,1.0,106686
52,Male,Master's,Senior Software Engineer,27.0,186794
46,Female,Bachelor's,Back end Developer,19.0,150729
38,Male,Master's,Full Stack Engineer,15.0,171652
29,Male,Bachelor's,Senior Project Engineer,6.0,88552
33,Female,Master's,Front end Developer,9.0,119918
47,Male,PhD,Software Engineer Manager,21.0,174985
45,Female,Master's,Senior Software Engineer,23.0,174336
28,Male,Bachelor's,Back end Developer,4.0,72389
42,Female,Master's,Full Stack Engineer,14.0,163978
46,Male,Bachelor's,Senior Project Engineer,25.0,166958
38,Female,PhD,Software Engineer Manager,15.0,145052
54,Male,Master's,Senior Software Engineer,32.0,195270
33,Female,Master's,Full Stack Engineer,8.0,122970
27,Male,High School,Back end Developer,4.0,80247
50,Female,Bachelor's,Senior Project Engineer,25.0,177862
26,Male,Master's,Full Stack Engineer,4.0,91062
31,Female,Master's,Senior Software Engineer,6.0,114290
35,Male,Bachelor's,Front end Developer,10.0,128999
44,Female,PhD,Software Engineer Manager,18.0,162454
32,Male,Master's,Senior Project Engineer,8.0,122354
54,Male,Bachelor's,Full Stack Engineer,25.0,179756
26,Female,Master's,Front end Developer,3.0,73218
48,Female,Master's,Senior Software Engineer,24.0,184480
38,Male,Bachelor's,Back end Developer,12.0,132442
30,Female,Master's,Full Stack Engineer,5.0,102828
40,Male,Master's,Software Engineer Manager,16.0,150301
45,Female,Bachelor's,Senior Project Engineer,22.0,171468
36,Male,Master's,Full Stack Engineer,13.0,147326
52,Male,PhD,Software Engineer Manager,26.0,185982
31,Female,Bachelor's,Senior Software Engineer,7.0,108267
26,Male,Master's,Full Stack Engineer,4.0,91397
30,Female,Master's,Senior Project Engineer,5.0,100867
24,Male,Bachelor's,Back end Developer,2.0,64182
45,Male,Master's,Senior Software Engineer,22.0,182506
33,Female,Master's,Full Stack Engineer,9.0,136986
38,Male,Bachelor's,Front end Developer,11.0,136662
54,Female,PhD,Software Engineer Manager,32.0,191510
42,Male,Master's,Full Stack Engineer,19.0,177347
28,Female,Bachelor's,Senior Project Engineer,3.0,70397
34,Male,Master's,Software Engineer Manager,9.0,146075
46,Female,Bachelor's,Back end Developer,18.0,155795
35,Male,Master's,Full Stack Engineer,9.0,132638
49,Female,PhD,Software Engineer Manager,22.0,178684
32,Male,Bachelor's,Senior Software Engineer,7.0,106218
54,Male,Master's,Full Stack Engineer,28.0,191239
26,Female,Master's,Front end Developer,2.0,65840
23,Male,PhD,Software Engineer Manager,0.0,52779
48,Female,Master's,Senior Software Engineer,23.0,185038
38,Male,Bachelor's,Back end Developer,14.0,136449
30,Female,Master's,Full Stack Engineer,6.0,110707
40,Male,Master's,Software Engineer Manager,17.0,151670
45,Female,Bachelor's,Senior Project Engineer,21.0,167015
36,Male,Master's,Full Stack Engineer,13.0,146508
52,Male,PhD,Software Engineer Manager,27.0,190596
31,Female,Bachelor's,Senior Software Engineer,6.0,104378
26,Male,Master's,Full Stack Engineer,3.0,70216
30,Female,Master's,Senior Project Engineer,5.0,101733
24,Male,Bachelor's,Back end Developer,1.0,55935
45,Male,Master's,Senior Software Engineer,21.0,180367
33,Female,Master's,Full Stack Engineer,9.0,135596
38,Male,Bachelor's,Front end Developer,11.0,136062
54,Female,PhD,Software Engineer Manager,32.0,191267
26,Male,Master's,Full Stack Engineer,3.0,91397
28,Female,Bachelor's,Senior Project Engineer,4.0,82944
48,Male,PhD,Software Engineer Manager,23.0,188288
36,Female,Master's,Senior Software Engineer,14.0,141090
43,Male,Bachelor's,Full Stack Engineer,19.0,152726
33,Female,Master's,Back end Developer,9.0,124141
26,Male,Bachelor's,Front end Developer,3.0,67556
50,Female,Master's,Senior Project Engineer,22.0,182768
41,Male,PhD,Software Engineer Manager,15.0,148727
29,Female,Bachelor's,Full Stack Engineer,6.0,91903
38,Male,Master's,Senior Software Engineer,14.0,147708
48,Female,Bachelor's,Senior Project Engineer,21.0,163209
31,Male,Master's,Full Stack Engineer,8.0,120288
45,Male,PhD,Software Engineer Manager,21.0,170226
35,Female,Master's,Senior Software Engineer,11.0,134979
42,Male,Bachelor's,Back end Developer,16.0,137489
27,Female,Master's,Full Stack Engineer,4.0,83577
33,Male,Bachelor's,Front end Developer,9.0,117904
36,Female,Master's,Senior Project Engineer,11.0,134482
54,Male,PhD,Software Engineer Manager,30.0,184660
30,Female,Bachelor's,Senior Software Engineer,5.0,100151
26,Male,Master's,Full Stack Engineer,3.0,88678
45,Female,PhD,Senior Project Engineer,21.0,181285
38,Male,Master's,Software Engineer Manager,16.0,154990
31,Female,Bachelor's,Full Stack Engineer,7.0,108204
42,Male,Master's,Senior Software Engineer,19.0,175684
28,Female,Bachelor's,Back end Developer,5.0,77766
48,Male,PhD,Software Engineer Manager,24.0,192211
36,Female,Master's,Full Stack Engineer,13.0,144647
43,Male,Bachelor's,Senior Project Engineer,20.0,162231
33,Female,Master's,Front end Developer,9.0,121120
26,Male,Bachelor's,Full Stack Engineer,4.0,79652
50,Female,Master's,Senior Software Engineer,21.0,177002
27,Male,Master's,Back end Developer,5.0,87584
38,Female,Bachelor's,Senior Project Engineer,13.0,131860
54,Male,PhD,Software Engineer Manager,28.0,182013
31,Female,Master's,Full Stack Engineer,7.0,108799
36,Male,Bachelor's,Senior Software Engineer,13.0,135378
45,Female,Master's,Software Engineer Manager,22.0,183530
42,Male,Bachelor's,Back end Developer,18.0,150901
28,Female,Master's,Full Stack Engineer,4.0,82697
48,Male,PhD,Senior Software Engineer,26.0,194638
36,Female,Master's,Senior Project Engineer,12.0,130356
43,Male,Bachelor's,Full Stack Engineer,18.0,152560
33,Female,Master's,Front end Developer,9.0,121432
26,Male,Bachelor's,Back end Developer,2.0,63789
50,Female,Master's,Senior Software Engineer,23.0,183690
41,Male,PhD,Software Engineer Manager,16.0,151310
29,Female,Bachelor's,Full Stack Engineer,6.0,100358
38,Male,Master's,Senior Software Engineer,15.0,148437
48,Female,Bachelor's,Senior Project Engineer,22.0,168691
31,Male,Master's,Full Stack Engineer,8.0,129556
28,Male,Bachelor's,Software Developer,1.0,50000
32,Female,Master's,Product Manager,5.0,100000
26,Male,Bachelor's,Software Engineer,2.0,60000
33,Female,Master's,Data Analyst,6.0,90000
29,Male,Bachelor's,Front End Developer,3.0,70000
42,Male,PhD,Director of Data Science,12.0,170000
36,Female,Master's,Data Scientist,8.0,130000
27,Male,Bachelor's,Software Developer,1.0,50000
34,Female,Master's,Product Manager,7.0,120000
29,Male,Bachelor's,Software Engineer,4.0,80000
41,Female,PhD,Senior Data Scientist,16.0,200000
36,Male,PhD,Director of Data Science,12.0,170000
30,Female,Bachelor's,Software Engineer,4.0,80000
28,Male,Master's,Web Developer,5.0,80000
30,Female,Bachelor's,Junior HR Coordinator,4.0,60000
25,Male,Bachelor's,Junior Web Developer,2.0,50000
45,Female,Master's,Senior Human Resources Manager,18.0,160000
33,Male,PhD,Director of HR,9.0,120000
22,Female,High School,Junior HR Generalist,0.0,40000
36,Male,Bachelor's,Web Developer,10.0,100000
29,Female,Master's,Senior HR Generalist,4.0,75000
42,Male,PhD,Director of HR,16.0,140000
27,Female,Bachelor's,Junior HR Coordinator,2.0,50000
38,Male,Master's,Senior Human Resources Manager,11.0,110000
24,Female,Bachelor's,Web Developer,1.0,45000
31,Male,High School,Junior Web Developer,4.0,55000
39,Female,PhD,Director of HR,13.0,130000
26,Male,Bachelor's,Junior HR Generalist,2.0,50000
32,Female,Master's,Senior HR Generalist,7.0,80000
32,Male,Bachelor's,Junior Web Developer,2.0,45000
24,Female,High School,Junior HR Generalist,1.0,32000
45,Male,PhD,Senior Human Resources Manager,12.0,120000
29,Female,Master's,Web Developer,4.0,65000
38,Male,Bachelor's,Senior HR Generalist,8.0,95000
27,Female,Master's,Director of HR,5.0,80000
31,Female,High School,Junior HR Coordinator,3.0,38000
42,Male,Master's,Web Developer,10.0,110000
26,Female,Bachelor's,Junior Web Developer,2.0,45000
36,Male,Master's,Senior HR Generalist,7.0,89000
28,Male,High School,Junior HR Generalist,1.0,32000
33,Female,Bachelor's,Web Developer,5.0,70000
46,Male,PhD,Director of HR,15.0,150000
25,Female,Bachelor's,Junior Web Developer,1.0,40000
37,Female,Master's,Senior Human Resources Manager,9.0,105000
30,Male,Master's,Web Developer,4.0,65000
43,Female,PhD,Director of HR,14.0,140000
34,Male,Bachelor's,Junior Web Developer,3.0,50000
26,Female,High School,Junior HR Generalist,2.0,35000
41,Male,Master's,Senior HR Generalist,11.0,115000
29,Female,Master's,Web Developer,5.0,70000
35,Male,Bachelor's,Web Developer,6.0,80000
27,Female,High School,Junior HR Coordinator,1.0,30000
40,Male,PhD,Director of HR,13.0,135000
23,Female,Bachelor's,Junior Web Developer,1.0,40000
39,Male,Master's,Senior HR Generalist,10.0,105000
31,Male,High School,Junior HR Generalist,2.0,35000
44,Female,PhD,Senior Human Resources Manager,12.0,120000
28,Male,Master's,Web Developer,3.0,55000
32,Female,Bachelor's,Junior Web Developer,2.0,45000
45,Male,Master's,Director of HR,14.0,140000
26,Female,Bachelor's,Web Developer,3.0,55000
38,Male,PhD,Senior Human Resources Manager,11.0,115000
27,Female,Master's,Senior HR Generalist,4.0,70000
33,Male,High School,Junior HR Coordinator,3.0,38000
42,Female,Master's,Director of HR,13.0,135000
29,Male,Bachelor's,Junior Web Developer,2.0,45000
36,Female,Master's,Web Developer,7.0,85000
30,Male,High School,Junior HR Generalist,1.0,32000
43,Female,PhD,Senior Human Resources Manager,15.0,150000
34,Male,Bachelor's,Web Developer,4.0,65000
25,Female,Master's,Junior HR Generalist,1.0,32000
37,Male,PhD,Director of HR,12.0,120000
24,Female,Bachelor's,Junior Web Developer,1.0,40000
39,Male,Master's,Senior HR Generalist,9.0,95000
44,Female,PhD,Director of HR,14.0,140000
28,Male,Bachelor's,Web Developer,3.0,55000
32,Female,Master's,Senior Human Resources Manager,6.0,80000
45,Male,PhD,Director of HR,13.0,135000
38,Male,Master's,Senior HR Generalist,8.0,95000
27,Female,High School,Junior HR Generalist,1.0,32000
33,Male,Bachelor's,Web Developer,5.0,70000
42,Female,Master's,Director of HR,12.0,120000
29,Male,Master's,Senior Human Resources Manager,4.0,70000
30,Male,High School,Junior HR Coordinator,2.0,33000
37,Male,PhD,Director of HR,11.0,115000
24,Female,Bachelor's,Web Developer,1.0,40000
44,Female,PhD,Director of HR,13.0,135000
28,Male,Bachelor's,Web Developer,4.0,65000
45,Male,PhD,Director of HR,14.0,140000
28,Male,Bachelor's,Software Engineer,3.0,60000
37,Female,Master's,Marketing Manager,9.0,100000
43,Male,PhD,Data Scientist,15.0,150000
31,Female,Bachelor's,Human Resources Coordinator,4.0,55000
24,Male,High School,Junior Sales Associate,1.0,30000
29,Female,Master's,Software Developer,5.0,70000
35,Male,Bachelor's,Operations Manager,8.0,90000
26,Female,Master's,Marketing Coordinator,2.0,40000
42,Male,PhD,Data Scientist,12.0,130000
34,Female,Bachelor's,Human Resources Manager,6.0,75000
27,Male,High School,Junior Sales Associate,2.0,35000
38,Female,Master's,Marketing Manager,10.0,110000
30,Male,Bachelor's,Software Engineer,4.0,65000
45,Male,PhD,Data Scientist,18.0,180000
25,Female,Bachelor's,Junior Software Developer,1.0,35000
40,Female,Master's,Human Resources Manager,11.0,120000
33,Male,Bachelor's,Operations Manager,6.0,75000
29,Female,High School,Junior Sales Associate,1.0,30000
44,Male,PhD,Data Scientist,16.0,160000
26,Male,Bachelor's,Software Developer,3.0,60000
36,Female,Master's,Marketing Coordinator,8.0,85000
31,Male,Bachelor's,Operations Manager,5.0,70000
27,Female,Master's,Human Resources Coordinator,3.0,50000
42,Male,PhD,Data Scientist,13.0,140000
28,Male,High School,Junior Sales Associate,2.0,35000
39,Female,Master's,Marketing Manager,10.0,110000
31,Male,Bachelor's,Software Engineer,4.0,65000
27,Male,Bachelor's,Software Engineer,3.0,60000
38,Female,Master's,Marketing Manager,9.0,100000
44,Male,PhD,Data Scientist,15.0,150000
30,Female,Bachelor's,Human Resources Coordinator,4.0,55000
23,Male,High School,Junior Sales Associate,1.0,30000
28,Female,Master's,Software Developer,5.0,70000
34,Male,Bachelor's,Operations Manager,8.0,90000
25,Female,Master's,Marketing Coordinator,2.0,40000
41,Male,PhD,Data Scientist,12.0,130000
33,Female,Bachelor's,Human Resources Manager,6.0,75000
26,Male,High School,Junior Sales Associate,2.0,35000
37,Female,Master's,Marketing Manager,10.0,110000
29,Male,Bachelor's,Software Engineer,4.0,65000
46,Male,PhD,Data Scientist,18.0,180000
26,Female,Bachelor's,Junior Software Developer,1.0,35000
39,Female,Master's,Human Resources Manager,11.0,120000
32,Male,Bachelor's,Operations Manager,6.0,75000
28,Female,High School,Junior Sales Associate,1.0,30000
43,Male,PhD,Data Scientist,16.0,160000
27,Male,Bachelor's,Software Developer,3.0,60000
35,Female,Master's,Marketing Coordinator,8.0,85000
30,Male,Bachelor's,Operations Manager,5.0,70000
26,Female,Master's,Human Resources Coordinator,3.0,50000
41,Male,PhD,Data Scientist,13.0,140000
24,Male,Bachelor's,Software Engineer,2.0,55000
32,Female,Master's,Marketing Manager,7.0,90000
45,Male,PhD,Data Scientist,16.0,160000
28,Female,Bachelor's,Human Resources Coordinator,4.0,60000
22,Male,High School,Junior Sales Associate,1.0,25000
36,Male,Bachelor's,Operations Manager,8.0,100000
27,Female,Bachelor's,Marketing Coordinator,3.0,45000
42,Male,PhD,Data Scientist,14.0,140000
25,Male,High School,Junior Sales Associate,2.0,30000
39,Female,Master's,Marketing Manager,11.0,120000
47,Male,PhD,Data Scientist,19.0,190000
40,Female,Master's,Human Resources Manager,12.0,130000
33,Male,Bachelor's,Operations Manager,7.0,85000
29,Female,High School,Junior Sales Associate,1.0,25000
28,Male,Bachelor's,Software Developer,3.0,60000
36,Female,Master's,Marketing Coordinator,9.0,100000
31,Male,Bachelor's,Operations Manager,6.0,75000
26,Male,High School,Junior Sales Associate,2.0,30000
31,Male,Bachelor's,Software Engineer,5.0,80000
27,Female,Master's,Marketing Manager,3.0,60000
38,Male,PhD,Data Scientist,12.0,130000
29,Female,Bachelor's,Human Resources Coordinator,2.0,45000
23,Male,High School,Junior Sales Associate,1.0,25000
32,Female,Master's,Software Developer,7.0,90000
44,Male,Bachelor's,Operations Manager,18.0,170000
26,Female,Bachelor's,Marketing Coordinator,2.0,40000
40,Male,PhD,Data Scientist,15.0,150000
33,Female,Bachelor's,Human Resources Manager,8.0,95000
24,Male,High School,Junior Sales Associate,1.0,25000
35,Female,Master's,Marketing Manager,10.0,110000
29,Male,Bachelor's,Software Engineer,4.0,70000
49,Male,PhD,Data Scientist,22.0,220000
26,Female,Bachelor's,Junior Software Developer,2.0,35000
41,Female,Master's,Human Resources Manager,13.0,140000
36,Male,Bachelor's,Operations Manager,9.0,110000
28,Female,High School,Junior Sales Associate,1.0,25000
29,Male,Bachelor's,Software Developer,5.0,80000
39,Female,Master's,Marketing Coordinator,11.0,120000
32,Male,Bachelor's,Operations Manager,6.0,90000
28,Female,Master's,Human Resources Coordinator,2.0,45000
34,Male,Bachelor's,Software Engineer,6.0,85000
31,Female,Master's,Marketing Manager,4.0,62000
41,Male,PhD,Data Scientist,13.0,138000
27,Female,Bachelor's,Human Resources Coordinator,2.0,47000
25,Male,High School,Junior Sales Associate,1.0,26000
33,Female,Master's,Software Developer,8.0,95000
45,Male,Bachelor's,Operations Manager,19.0,174000
28,Female,Bachelor's,Marketing Coordinator,2.0,41000
42,Male,PhD,Data Scientist,16.0,162000
34,Female,Bachelor's,Human Resources Manager,9.0,99000
23,Male,High School,Junior Sales Associate,1.0,26000
36,Female,Master's,Marketing Manager,11.0,117000
30,Male,Bachelor's,Software Engineer,5.0,75000
50,Male,PhD,Data Scientist,23.0,225000
27,Female,Bachelor's,Junior Software Developer,2.0,36000
43,Female,Master's,Human Resources Manager,14.0,146000
37,Male,Bachelor's,Operations Manager,10.0,113000
29,Female,High School,Junior Sales Associate,1.0,26000
44,Male,PhD,Data Scientist,17.0,168000
30,Male,Bachelor's,Software Developer,6.0,85000
40,Female,Master's,Marketing Coordinator,12.0,122000
33,Male,Bachelor's,Operations Manager,7.0,96000
29,Female,Master's,Human Resources Coordinator,3.0,49000
43,Male,PhD,Data Scientist,16.0,162000
32,Female,Master's,Software Developer,8.0,95000
24,Male,High School,Junior Sales Associate,1.0,26000
31,Female,Master's,Marketing Manager,5.0,68000
39,Male,Bachelor's,Operations Manager,13.0,127000
25,Female,Bachelor's,Human Resources Coordinator,2.0,47000
41,Male,PhD,Data Scientist,15.0,155000
35,Female,Bachelor's,Human Resources Manager,8.0,92000
26,Male,High School,Junior Sales Associate,1.0,26000
37,Female,Master's,Marketing Manager,12.0,125000
29,Male,Bachelor's,Software Engineer,4.0,71000
51,Male,PhD,Data Scientist,24.0,240000
28,Female,Bachelor's,Junior Software Developer,2.0,36000
44,Female,Master's,Human Resources Manager,15.0,152000
38,Male,Bachelor's,Operations Manager,11.0,119000
30,Female,High School,Junior Sales Associate,1.0,26000
45,Male,PhD,Data Scientist,19.0,190000
31,Male,Bachelor's,Software Developer,6.0,85000
41,Female,Master's,Marketing Coordinator,13.0,131000
34,Male,Bachelor's,Operations Manager,8.0,101000
30,Female,Master's,Human Resources Coordinator,3.0,49000
44,Male,PhD,Data Scientist,18.0,182000
27,Male,Bachelor's,Software Developer,3.0,62000
42,Female,Master's,Marketing Manager,16.0,137000
35,Male,PhD,Data Scientist,9.0,112000
33,Male,High School,Junior Sales Associate,1.0,25000
36,Female,Bachelor's,Operations Manager,7.0,91000
43,Male,PhD,Data Scientist,17.0,179000
31,Female,Bachelor's,Software Engineer,5.0,74000
49,Male,Master's,Marketing Manager,23.0,228000
28,Female,Bachelor's,Junior Software Developer,2.0,37000
45,Female,PhD,Data Scientist,19.0,193000
30,Female,High School,Junior Sales Associate,1.0,25000
45,Male,Master's,Marketing Manager,20.0,204000
27,Female,Bachelor's,Software Developer,3.0,61000
41,Male,PhD,Data Scientist,15.0,157000
35,Female,Master's,Human Resources Manager,8.0,92000
26,Male,Bachelor's,Software Engineer,1.0,52000
30,Female,Bachelor's,Marketing Coordinator,4.0,58000
48,Male,PhD,Data Scientist,22.0,219000
32,Female,Master's,Marketing Manager,6.0,77000
34,Male,Bachelor's,Operations Manager,8.0,104000
31,Female,High School,Junior Sales Associate,1.0,25000
44,Female,PhD,Data Scientist,18.0,183000
31,Female,Master's,Director of HR,6.0,95000
28,Male,Bachelor's,Junior Web Developer,2.0,45000
29,Female,Master's,Senior HR Generalist,4.0,70000
35,Male,PhD,Senior Human Resources Manager,10.0,110000
26,Female,High School,Web Developer,1.0,35000
32,Male,Bachelor's,Junior HR Generalist,5.0,60000
27,Female,Master's,Web Developer,2.0,50000
39,Male,Master's,Director of HR,12.0,120000
23,Female,Bachelor's,Junior HR Generalist,1.0,32000
30,Male,Bachelor's,Web Developer,4.0,65000
26,Female,Bachelor's,Junior HR Coordinator,1.0,35000
42,Male,PhD,Senior Human Resources Manager,14.0,130000
34,Female,Master's,Director of HR,9.0,95000
28,Male,High School,Juniour HR Generalist,2.0,43000
29,Male,Bachelor's,Web Developer,3.0,60000
35,Female,Master's,Senior HR Generalist,8.0,80000
26,Male,Master's,Junior Web Developer,2.0,48000
40,Female,PhD,Director of HR,13.0,125000
34,Male,Bachelor's,Web Developer,7.0,85000
26,Female,Bachelor's,Junior HR Generalist,2.0,42000
29,Male,Master's,Senior HR Generalist,4.0,70000
25,Female,High School,Juniour HR Coordinator,1.0,32000
33,Male,Master's,Web Developer,6.0,80000
27,Female,Bachelor's,Junior HR Generalist,2.0,42000
31,Male,PhD,Senior Human Resources Manager,7.0,90000
24,Male,Bachelor's,Junior Web Developer,1.0,40000
42,Female,Master's,Senior HR Generalist,12.0,110000
34,Male,Master's,Director of HR,10.0,105000
28,Female,Bachelor's,Junior HR Generalist,3.0,50000
33,Male,PhD,Director of HR,8.0,95000
29,Female,Bachelor's,Web Developer,3.0,60000
25,Male,High School,Junior HR Generalist,2.0,40000
26,Female,Master's,Senior HR Generalist,2.0,55000
30,Male,Bachelor's,Web Developer,5.0,70000
24,Female,High School,Juniour HR Coordinator,1.0,32000
31,Male,Master's,Director of HR,7.0,90000
27,Female,Bachelor's,Web Developer,2.0,50000
26,Female,Bachelor's,Junior HR Generalist,1.0,32000
32,Male,Master's,Web Developer,6.0,80000
25,Male,High School,Web Developer,2.0,45000
33,Female,Bachelor's,Junior HR Generalist,7.0,65000
27,Male,Master's,Web Developer,2.0,50000
28,Female,Bachelor's,Junior HR Coordinator,3.0,45000
34,Male,PhD,Director of HR,9.0,95000
30,Female,Bachelor's,Web Developer,4.0,65000
26,Male,Bachelor's,Junior HR Coordinator,2.0,38000
42,Female,Master's,Senior Human Resources Manager,13.0,125000
34,Male,Master's,Web Developer,8.0,90000
28,Female,High School,Juniour HR Generalist,2.0,43000
31,Male,Bachelor's,Junior HR Generalist,5.0,60000
29,Female,Master's,Web Developer,3.0,60000
26,Female,Bachelor's,Web Developer,1.0,35000
32,Male,Master's,Director of HR,6.0,95000
27,Female,Master's,Junior HR Generalist,2.0,42000
39,Male,Master's,Senior HR Generalist,11.0,100000
23,Female,Bachelor's,Junior HR Coordinator,1.0,32000
42,Male,PhD,Director of HR,14.0,130000
28,Male,High School,Junior Web Developer,2.0,43000
25,Female,High School,Junior HR Coordinator,1.0,32000
31,Female,Bachelor's,Junior HR Coordinator,4.0,500
27,Female,Bachelor's,Junior Software Engineer,1.0,45000
33,Male,Master's,Senior Data Scientist,8.0,120000
29,Female,Bachelor's,Marketing Coordinator,3.0,55000
31,Male,Bachelor's,Junior Marketing Manager,5.0,70000
38,Female,PhD,Senior Research Scientist,12.0,140000
25,Male,High School,Junior Sales Associate,1.0,30000
32,Female,Master's,Senior Software Engineer,7.0,100000
27,Male,Bachelor's,Junior Data Analyst,2.0,50000
29,Female,Bachelor's,Junior Marketing Manager,3.0,55000
35,Male,PhD,Senior Research Scientist,10.0,130000
26,Female,Bachelor's,Junior Software Engineer,1.0,45000
28,Female,Bachelor's,Junior Software Engineer,2.0,48000
36,Male,Master's,Senior Data Scientist,9.0,125000
30,Female,Bachelor's,Marketing Coordinator,4.0,57000
32,Male,Bachelor's,Junior Marketing Manager,6.0,72000
39,Female,PhD,Senior Research Scientist,13.0,145000
26,Male,High School,Junior Sales Associate,2.0,31000
33,Female,Master's,Senior Software Engineer,8.0,105000
28,Male,Bachelor's,Junior Data Analyst,3.0,52000
30,Female,Bachelor's,Junior Marketing Manager,4.0,57000
36,Male,PhD,Senior Research Scientist,11.0,135000
27,Female,Bachelor's,Junior Software Engineer,2.0,48000
34,Male,Master's,Senior Data Scientist,9.0,125000
26,Male,Bachelor's,Senior Product Marketing Manager,5.0,85000
28,Female,Master's,Marketing Manager,7.0,110000
34,Male,PhD,Director of Marketing,12.0,170000
31,Male,Bachelor's,Sales Director,9.0,140000
24,Female,High School,Sales Associate,1.0,30000
29,Male,Bachelor's,Digital Marketing Manager,6.0,95000
27,Female,Master's,Content Marketing Manager,4.0,80000
33,Male,PhD,Sales Director,10.0,155000
21,Female,High School,Junior Sales Representative,0.0,25000
36,Male,Bachelor's,Sales Manager,11.0,160000
25,Female,Bachelor's,Marketing Manager,3.0,65000
30,Male,Master's,Financial Manager,7.0,120000
28,Female,PhD,Director of Marketing,6.0,105000
22,Female,High School,Sales Associate,0.0,25000
45,Male,Bachelor's,Financial Manager,21.0,250000
31,Female,Master's,Content Marketing Manager,8.0,120000
28,Male,Bachelor's,Digital Marketing Manager,4.0,80000
29,Male,Bachelor's,Senior Product Marketing Manager,6.0,100000
35,Female,PhD,Director of Marketing,12.0,170000
27,Male,High School,Sales Representative,3.0,50000
33,Female,Bachelor's,Marketing Manager,9.0,140000
25,Female,Bachelor's,Marketing Manager,2.0,55000
29,Female,Master's,Content Marketing Manager,4.0,80000
23,Male,Bachelor's,Software Engineer,1.0,60000
39,Female,Master's,Marketing Manager,12.0,150000
28,Male,Bachelor's,Financial Analyst,4.0,80000
31,Female,PhD,Research Scientist,8.0,120000
35,Male,Bachelor's,Project Manager,10.0,130000
27,Female,Bachelor's,Graphic Designer,2.0,50000
42,Male,Master's,Senior Software Engineer,18.0,180000
29,Female,Bachelor's,Digital Marketing Specialist,3.0,60000
33,Male,Bachelor's,Marketing Manager,7.0,110000
24,Female,High School,Sales Associate,0.0,25000
30,Male,Master's,Financial Analyst,6.0,100000
26,Female,Bachelor's,Social Media Manageredia Manager,3.0,55000
32,Male,PhD,Data Scientist,9.0,140000
22,Female,High School,Receptionist,0.0,25000
37,Male,Bachelor's,Product Manager,12.0,150000
38,Female,Master's,Marketing Director,14.0,170000
25,Male,Bachelor's,Junior Software Engineer,1.0,55000
29,Female,Bachelor's,Marketing Coordinator,4.0,65000
27,Male,Bachelor's,Product Designer,3.0,60000
34,Female,PhD,Research Director,10.0,150000
26,Male,Bachelor's,Marketing Analyst,2.0,50000
31,Female,Master's,Financial Manager,7.0,120000
26,Female,Bachelor's,Social Media Manager,3.0,55000
28,Male,Bachelor's,Software Engineer,3.0,85000
36,Female,Master's,Marketing Director,11.0,160000
25,Male,Bachelor's,Financial Analyst,1.0,55000
29,Female,PhD,Data Scientist,5.0,100000
33,Male,Bachelor's,Project Manager,8.0,120000
43,Male,Master's,Senior Software Engineer,19.0,185000
30,Female,Bachelor's,Digital Marketing Specialist,4.0,65000
34,Male,Bachelor's,Marketing Manager,9.0,130000
25,Female,High School,Sales Associate,0.0,25000
31,Male,Master's,Financial Analyst,6.0,100000
27,Female,Bachelor's,Social Media Manageredia Manager,3.0,55000
33,Male,PhD,Research Scientist,10.0,150000
23,Female,High School,Receptionist,0.0,25000
38,Male,Bachelor's,Product Manager,13.0,160000
39,Female,Master's,Marketing Manager,14.0,170000
26,Male,Bachelor's,Junior Software Engineer,1.0,55000
30,Female,Bachelor's,Marketing Coordinator,4.0,65000
28,Male,Bachelor's,Product Designer,3.0,60000
35,Female,PhD,Research Director,11.0,160000
27,Male,Bachelor's,Marketing Analyst,2.0,50000
32,Female,Master's,Financial Manager,8.0,120000
27,Male,Bachelor's,Software Engineer,3.0,85000
35,Female,Master's,Marketing Director,11.0,160000
24,Male,Bachelor's,Financial Analyst,1.0,55000
28,Female,PhD,Data Scientist,5.0,100000
32,Male,Bachelor's,Project Manager,8.0,120000
26,Female,Bachelor's,Graphic Designer,2.0,50000
41,Male,Master's,Senior Software Engineer,19.0,185000
29,Female,Bachelor's,Digital Marketing Specialist,4.0,65000
33,Male,Bachelor's,Marketing Manager,9.0,130000
32,Male,PhD,Research Scientist,10.0,150000
37,Male,Bachelor's,Product Manager,13.0,160000
38,Female,Master's,Marketing Manager,14.0,170000
27,Male,Bachelor's,Junior Software Engineer,1.0,55000
31,Female,Bachelor's,Marketing Coordinator,4.0,65000
29,Male,Bachelor's,Product Designer,3.0,60000
34,Female,PhD,Research Director,11.0,160000
31,Female,Master's,Financial Manager,8.0,120000
26,Female,Bachelor's,Social Media Manageredia Man,7.0,100000
31,Male,Bachelor's,Software Engineer,7.0,120000
33,Male,Master's,Marketing Manager,9.0,130000
29,Female,High School,Customer Service Representative,3.0,35000
36,Male,PhD,Research Scientist,13.0,160000
27,Female,Bachelor's,Marketing Coordinator,2.0,50000
31,Male,Bachelor's,Project Manager,6.0,100000
28,Female,Master's,Financial Analyst,4.0,80000
25,Male,Bachelor's,Software Engineer,1.0,60000
30,Female,Bachelor's,Sales Manager,5.0,90000
34,Male,PhD,Research Director,11.0,170000
28,Female,Bachelor's,Marketing Analyst,3.0,60000
32,Male,Bachelor's,Product Manager,7.0,120000
24,Female,High School,Receptionist,0.0,25000
37,Male,Master's,Marketing Director,14.0,180000
39,Female,Bachelor's,Financial Manager,16.0,200000
26,Male,Bachelor's,Product Designer,2.0,50000
31,Female,PhD,Data Scientist,8.0,140000
29,Male,Bachelor's,Marketing Analyst,4.0,70000
33,Female,Master's,Marketing Manager,9.0,130000
27,Male,Bachelor's,Software Engineer,3.0,80000
36,Female,PhD,Research Scientist,12.0,160000
25,Male,Bachelor's,Product Manager,1.0,55000
30,Female,Bachelor's,Marketing Coordinator,5.0,85000
28,Female,Bachelor's,Marketing Coordinator,3.0,60000
33,Male,Master's,Software Engineer,9.0,120000
26,Female,Bachelor's,Graphic Designer,1.0,45000
29,Male,Bachelor's,Product Manager,5.0,80000
35,Female,PhD,Research Scientist,11.0,150000
27,Male,Bachelor's,Software Engineer,2.0,65000
31,Female,Bachelor's,Marketing Manager,7.0,100000
28,Male,Master's,Financial Analyst,4.0,90000
24,Female,Bachelor's,Marketing Analyst,0.0,40000
30,Male,Bachelor's,Project Manager,6.0,110000
34,Female,PhD,Research Director,12.0,170000
27,Male,Bachelor's,Software Engineer,3.0,75000
33,Female,Master's,Marketing Manager,8.0,120000
25,Female,High School,Customer Service Representative,1.0,30000
36,Male,PhD,Research Scientist,13.0,180000
39,Female,Bachelor's,Financial Manager,15.0,200000
26,Male,Bachelor's,Product Designer,1.0,50000
28,Male,Bachelor's,Marketing Analyst,3.0,65000
32,Female,Bachelor's,Product Manager,7.0,110000
24,Male,High School,Delivery Driver,0.0,28000
37,Male,Master's,Marketing Director,14.0,190000
39,Female,Bachelor's,Financial Manager,16.0,210000
26,Male,Bachelor's,Product Designer,2.0,55000
36,Female,PhD,Research Scientist,12.0,170000
25,Male,Bachelor's,Product Manager,1.0,60000
30,Female,Bachelor's,Marketing Coordinator,5.0,90000
34,Male,PhD,Research Director,11.0,160000
29,Male,Bachelor's,Software Engineer,3.0,75000
32,Female,Master's,Marketing Manager,8.0,120000
27,Male,Bachelor's,Product Manager,2.0,65000
30,Female,PhD,Data Scientist,6.0,100000
36,Male,Bachelor's,Financial Analyst,11.0,150000
27,Male,PhD,Marketing Coordinator,7.0,120000
33,Male,Master's,Software Engineer,8.0,120000
27,Female,Bachelor's,Product Manager,2.0,65000
30,Male,PhD,Data Scientist,6.0,100000
36,Female,Bachelor's,Financial Analyst,11.0,150000
29,Male,Bachelor's,Marketing Analyst,3.0,65000
32,Female,Master's,Software Engineer,9.0,120000
26,Male,Bachelor's,Graphic Designer,1.0,45000
29,Female,Bachelor's,Product Manager,5.0,80000
35,Male,PhD,Research Scientist,11.0,150000
34,Male,Master's,Software Engineer,9.0,125000
28,Female,Bachelor's,Product Manager,3.0,70000
31,Male,PhD,Data Scientist,7.0,110000
37,Female,Bachelor's,Financial Analyst,12.0,160000
30,Male,Bachelor's,Marketing Analyst,4.0,75000
33,Female,Master's,Software Engineer,8.0,120000
27,Male,Bachelor's,Graphic Designer,2.0,50000
30,Female,Bachelor's,Product Manager,5.0,85000
36,Male,PhD,Research Scientist,11.0,155000
28,Male,Bachelor's,Software Engineer,3.0,70000
32,Female,Bachelor's,Marketing Manager,8.0,115000
29,Male,Master's,Financial Analyst,5.0,95000
25,Female,Bachelor's,Marketing Analyst,0.0,40000
31,Male,Bachelor's,Project Manager,6.0,115000
35,Female,PhD,Research Director,12.0,175000
33,Female,Master's,Marketing Manager,9.0,135000
29,Male,Bachelor's,Marketing Analyst,4.0,75000
36,Male,PhD,Research Scientist,13.0,185000
40,Female,Bachelor's,Financial Manager,15.0,210000
27,Male,Bachelor's,Product Designer,1.0,45000
32,Female,PhD,Data Scientist,9.0,145000
28,Male,Bachelor's,Marketing Analyst,3.0,70000
32,Female,Bachelor's,Product Manager,7.0,120000
38,Male,Master's,Marketing Director,14.0,195000
40,Female,Bachelor's,Financial Manager,16.0,215000
27,Male,Bachelor's,Product Designer,2.0,55000
36,Female,PhD,Research Scientist,13.0,185000
30,Female,Bachelor's,Marketing Coordinator,5.0,95000
34,Male,PhD,Research Director,12.0,170000
28,Female,Bachelor's,Marketing Analyst,3.0,65000
26,Female,Master's,Software Engineer,2.0,75000
39,Male,PhD,Research Scientist,14.0,185000
32,Female,Bachelor's,Marketing Manager,7.0,120000
28,Male,Bachelor's,Graphic Designer,3.0,60000
35,Female,Master's,Data Scientist,10.0,145000
33,Female,Master's,Product Manager,8.0,135000
27,Male,Bachelor's,Software Engineer,2.0,70000
36,Female,PhD,Research Director,12.0,175000
29,Male,Bachelor's,Sales Associate,2.0,45000
45,Female,Master's,Sales Manager,8.0,80000
37,Male,PhD,Marketing Manager,7.0,90000
23,Female,High School,Sales Executive,1.0,35000
41,Male,Bachelor's,Financial Manager,12.0,120000
26,Female,Bachelor's,Digital Marketing Manager,4.0,60000
33,Male,Master's,Content Marketing Manager,5.0,70000
28,Female,High School,Sales Representative,3.0,40000
50,Male,PhD,Senior Product Marketing Manager,15.0,150000
35,Female,Bachelor's,Junior Sales Representative,2.0,35000
42,Male,Master's,Director of Marketing,13.0,130000
27,Female,Bachelor's,Sales Associate,1.0,35000
48,Male,PhD,Sales Director,18.0,180000
31,Female,High School,Financial Manager,4.0,60000
36,Male,Bachelor's,Sales Manager,6.0,75000
25,Female,Master's,Digital Marketing Manager,3.0,50000
39,Male,PhD,Marketing Manager,10.0,100000
30,Female,High School,Sales Executive,2.0,40000
44,Male,Bachelor's,Content Marketing Manager,11.0,110000
29,Female,Master's,Sales Representative,4.0,55000
47,Male,PhD,Senior Product Marketing Manager,17.0,170000
32,Female,Bachelor's,Junior Sales Representative,3.0,40000
38,Male,Master's,Director of Marketing,9.0,95000
24,Female,High School,Sales Associate,1.0,35000
40,Male,PhD,Sales Director,14.0,140000
34,Female,Bachelor's,Financial Manager,5.0,70000
26,Male,Master's,Digital Marketing Manager,3.0,50000
31,Female,PhD,Marketing Manager,6.0,75000
27,Male,High School,Sales Executive,2.0,40000
43,Female,Bachelor's,Content Marketing Manager,12.0,120000
28,Male,Master's,Sales Representative,2.0,40000
46,Female,PhD,Senior Product Marketing Manager,16.0,160000
33,Male,Bachelor's,Junior Sales Representative,4.0,55000
39,Female,Master's,Director of Marketing,10.0,100000
25,Male,High School,Sales Associate,1.0,35000
41,Female,Bachelor's,Sales Manager,8.0,80000
35,Male,PhD,Marketing Manager,7.0,90000
23,Female,Bachelor's,Sales Executive,1.0,35000
42,Male,Master's,Financial Manager,13.0,130000
32,Male,Master's,Content Marketing Manager,5.0,70000
27,Female,High School,Sales Representative,3.0,40000
36,Female,Bachelor's,Junior Sales Representative,2.0,35000
48,Male,Master's,Director of Marketing,18.0,180000
31,Female,High School,Sales Associate,2.0,40000
29,Male,Bachelor's,Sales Director,6.0,75000
45,Female,PhD,Financial Manager,12.0,120000
25,Male,Master's,Digital Marketing Manager,3.0,50000
37,Female,Bachelor's,Marketing Manager,7.0,90000
23,Male,High School,Sales Executive,1.0,35000
41,Female,Bachelor's,Content Marketing Manager,11.0,110000
26,Male,Master's,Sales Representative,3.0,45000
33,Female,PhD,Senior Product Marketing Manager,5.0,70000
28,Male,Bachelor's,Junior Sales Representative,1.0,30000
42,Female,Master's,Director of Marketing,13.0,130000
27,Male,High School,Financial Manager,4.0,60000
50,Female,Bachelor's,Sales Manager,15.0,150000
35,Male,PhD,Marketing Manager,8.0,80000
24,Female,Bachelor's,Sales Executive,1.0,35000
46,Male,Master's,Content Marketing Manager,16.0,160000
29,Female,High School,Sales Representative,2.0,40000
31,Female,Bachelor's,Junior Sales Representative,3.0,40000
25,Female,High School,Sales Associate,1.0,35000
39,Male,Bachelor's,Sales Director,10.0,100000
33,Female,PhD,Financial Manager,5.0,70000
27,Male,Master's,Digital Marketing Manager,3.0,50000
43,Female,Bachelor's,Marketing Manager,12.0,120000
28,Male,High School,Sales Executive,2.0,40000
31,Male,Bachelor's,Sales Associate,3.0,50000
46,Female,Master's,Marketing Manager,14.0,140000
38,Female,Bachelor's,Financial Manager,10.0,100000
24,Male,PhD,Digital Marketing Manager,1.0,30000
33,Female,Master's,Content Marketing Manager,6.0,75000
29,Male,High School,Sales Representative,2.0,40000
50,Female,Bachelor's,Sales Manager,18.0,180000
35,Male,PhD,Senior Product Marketing Manager,8.0,80000
41,Male,Master's,Director of Marketing,12.0,120000
26,Female,High School,Financial Manager,3.0,45000
32,Male,Bachelor's,Sales Director,7.0,90000
27,Female,PhD,Marketing Manager,4.0,55000
43,Male,Master's,Content Marketing Manager,16.0,160000
28,Female,Bachelor's,Sales Representative,2.0,40000
31,Female,High School,Junior Sales Representative,3.0,40000
39,Male,Bachelor's,Sales Manager,11.0,110000
33,Female,PhD,Financial Manager,6.0,75000
50,Female,Master's,Content Marketing Manager,15.0,150000
36,Male,Bachelor's,Sales Representative,5.0,70000
48,Female,PhD,Senior Product Marketing Manager,19.0,190000
31,Male,High School,Junior Sales Representative,3.0,40000
29,Female,Bachelor's,Sales Director,6.0,75000
45,Male,Master's,Director of Marketing,14.0,140000
35,Female,PhD,Marketing Manager,8.0,80000
23,Male,Bachelor's,Sales Executive,1.0,35000
42,Female,Master's,Sales Manager,13.0,130000
26,Male,High School,Digital Marketing Manager,2.0,40000
32,Female,Bachelor's,Content Marketing Manager,7.0,90000
27,Male,PhD,Sales Representative,4.0,55000
50,Female,Master's,Senior Product Marketing Manager,18.0,180000
36,Male,Bachelor's,Junior Sales Representative,3.0,45000
48,Female,PhD,Director of Marketing,19.0,190000
31,Male,High School,Sales Associate,3.0,50000
29,Female,Bachelor's,Financial Manager,4.0,55000
45,Male,Master's,Marketing Manager,13.0,130000
25,Female,High School,Sales Executive,1.0,35000
41,Male,Bachelor's,Content Marketing Manager,12.0,120000
35,Female,PhD,Senior Product Marketing Manager,9.0,95000
23,Male,Bachelor's,Sales Representative,1.0,35000
42,Female,Master's,Digital Marketing Manager,14.0,140000
26,Male,High School,Sales Manager,2.0,40000
32,Female,Bachelor's,Director of Marketing,8.0,80000
27,Male,PhD,Marketing Manager,4.0,55000
50,Female,Master's,Content Marketing Manager,19.0,190000
36,Male,Bachelor's,Sales Director,6.0,75000
48,Female,PhD,Senior Product Marketing Manager,17.0,170000
37,Male,Master's,Marketing Manager,11.0,110000
26,Female,Bachelor's,Sales Representative,2.0,40000
42,Male,PhD,Content Marketing Manager,15.0,150000
33,Female,High School,Sales Executive,4.0,55000
29,Male,Bachelor's,Sales Manager,5.0,70000
45,Female,Master's,Director of Marketing,16.0,160000
24,Male,High School,Sales Associate,1.0,35000
39,Female,Bachelor's,Financial Manager,10.0,100000
31,Male,PhD,Senior Product Marketing Manager,7.0,90000
27,Female,Master's,Digital Marketing Manager,3.0,50000
43,Male,Bachelor's,Content Marketing Manager,14.0,140000
28,Female,High School,Sales Representative,2.0,40000
50,Male,PhD,Marketing Manager,18.0,180000
35,Female,Bachelor's,Sales Executive,7.0,90000
23,Male,Bachelor's,Sales Manager,1.0,35000
41,Female,Master's,Director of Marketing,12.0,120000
26,Male,High School,Financial Manager,3.0,45000
32,Female,Bachelor's,Sales Director,8.0,80000
50,Female,Master's,Content Marketing Manager,18.0,180000
36,Male,Bachelor's,Sales Representative,6.0,75000
29,Female,Bachelor's,Sales Director,5.0,70000
45,Male,Master's,Director of Marketing,15.0,150000
38,Male,Master's,Marketing Manager,12.0,120000
27,Female,Bachelor's,Sales Representative,3.0,45000
43,Male,PhD,Content Marketing Manager,16.0,160000
34,Female,High School,Sales Executive,5.0,70000
30,Male,Bachelor's,Sales Manager,6.0,75000
46,Female,Master's,Director of Marketing,17.0,170000
40,Female,Bachelor's,Financial Manager,11.0,110000
32,Male,PhD,Senior Product Marketing Manager,8.0,80000
28,Female,Master's,Digital Marketing Manager,4.0,55000
44,Male,Bachelor's,Content Marketing Manager,15.0,150000
51,Male,PhD,Marketing Manager,19.0,190000
36,Female,Bachelor's,Sales Executive,8.0,80000
24,Male,Bachelor's,Sales Manager,1.0,35000
27,Male,High School,Financial Manager,3.0,45000
33,Female,Bachelor's,Sales Director,7.0,90000
28,Male,PhD,Marketing Manager,4.0,55000
51,Female,Master's,Content Marketing Manager,19.0,190000
37,Male,Bachelor's,Sales Representative,7.0,90000
49,Female,PhD,Senior Product Marketing Manager,20.0,200000
32,Male,High School,Junior Sales Representative,3.0,40000
30,Female,Bachelor's,Sales Director,5.0,70000
46,Male,Master's,Director of Marketing,16.0,160000
26,Female,High School,Sales Associate,1.0,35000
42,Male,Bachelor's,Financial Manager,13.0,130000
36,Female,PhD,Marketing Manager,9.0,95000
24,Male,Bachelor's,Sales Executive,1.0,35000
43,Female,Master's,Sales Manager,14.0,140000
27,Male,High School,Digital Marketing Manager,2.0,40000
33,Female,Bachelor's,Content Marketing Manager,7.0,90000
28,Male,PhD,Sales Representative,4.0,55000
51,Female,Master's,Senior Product Marketing Manager,19.0,190000
37,Male,Bachelor's,Junior Sales Representative,6.0,75000
49,Female,PhD,Director of Marketing,20.0,200000
32,Male,High School,Sales Associate,3.0,50000
30,Female,Bachelor's,Financial Manager,4.0,55000
46,Male,Master's,Marketing Manager,14.0,140000
26,Female,High School,Sales Executive,1.0,35000
42,Male,Bachelor's,Content Marketing Manager,13.0,130000
36,Female,PhD,Senior Product Marketing Manager,10.0,100000
24,Male,Bachelor's,Sales Representative,1.0,35000
43,Female,Master's,Digital Marketing Manager,15.0,150000
27,Male,High School,Sales Manager,2.0,40000
33,Female,Bachelor's,Director of Marketing,8.0,80000
37,Male,Bachelor's,Sales Director,7.0,90000
30,Female,Bachelor's,Sales Manager,5.0,70000
